"_id","departments","evaluation","followers","img_url","intro","name","phone_number","position","reservation","special","url"
"6711fc445f4a555c8ce3c96c","内科,外科,骨科,妇产科,儿科,皮肤性病科,男科,眼科,耳鼻咽喉头颈科,口腔科,肿瘤科,中医科,不孕不育科,精神科,麻醉科,疼痛科,康复医学科,医学影像科,急诊医学科,病理科,营养科,重症医学科","2.9万","2.0万","https://kano.guahao.com/hlarge_Gnr2953583.jpg","简介：北京协和医院是集医疗、教学、科研于一体的现代化综合三级甲等医院，是国家卫生健康委指定的全国疑难重症诊治指导中心，最早承担高干...更多","北京协和医院","010-69156114","北京市东城区帅府园一号","96.9万","None","https://www.guahao.com/hospital/17634310-b567-4d21-8a02-20dc15e90da5000"
"6711fc455f4a555c8ce3c96e","内科,外科,骨科,妇产科,儿科,皮肤性病科,眼科,耳鼻咽喉头颈科,肿瘤科,中医科,不孕不育科,中西医结合科,精神科,麻醉科,疼痛科,康复医学科,医学影像科,全科医疗科,病理科,医学检验科,护理门诊,营养科,重症医学科","2.7万","6075","https://kano.guahao.com/hlarge_jHG2956808.jpg","简介：在中国历史文化名城成都市，锦江万里桥头的华西坝，有一座闻名遐迩的医学城，她就是四川大学华西临床医学院/华西医院。追溯历史，华...更多","四川大学华西医院","028-85422286","四川省成都市武侯区国学巷37号","256","None","https://www.guahao.com/hospital/986c9a70-c720-11e1-913c-5cf9dd2e7135000"
"6711fc465f4a555c8ce3c970","内科,外科,骨科,妇产科,儿科,皮肤性病科,男科,眼科,耳鼻咽喉头颈科,口腔科,肿瘤科,中医科,精神科,麻醉科,疼痛科,康复医学科,医学影像科,全科医疗科,急诊医学科,病理科,营养科","17.9万","7.3万","https://kano.guahao.com/hlarge_c7m2954342.jpg","简介：解放军总医院是全军规模最大的综合性医院，集医疗、保健、教学、科研于一体，是国家重要保健基地之一，负责中央、军委和总部的医疗保...更多","中国人民解放军总医院301医院","010-68182255","北京市海淀区复兴路28号","227.0万","骨科,内分泌科,耳鼻咽喉头颈外科,肾脏病科","https://www.guahao.com/hospital/5cee04f9-4cc8-4499-a35b-6f37f2dd8a74000"
"6711fc485f4a555c8ce3c972","内科,外科,骨科,妇产科,儿科,皮肤性病科,男科,眼科,耳鼻咽喉头颈科,口腔科,肿瘤科,中医科,不孕不育科,精神科,麻醉科,疼痛科,康复医学科,医学影像科,全科医疗科,急诊医学科,病理科,护理门诊,营养科","16.5万","9.9万","https://kano.guahao.com/hlarge_HaT2958119.jpg","简介：上海交通大学医学院附属瑞金医院(上海瑞金医院)建于1907年，原名广慈医院，是一所三级甲等大型综合性教学医院。医院占地面积1...更多","上海交通大学医学院附属瑞金医院","021-64370045","上海市黄浦区瑞金二路197号","220.4万","门诊肾脏,门诊血液,门诊内分泌","https://www.guahao.com/hospital/dde98fc9-4183-48ee-8c84-453058fa7fe3000"
"6711fc4a5f4a555c8ce3c974","内科,外科,骨科,妇产科,儿科,皮肤性病科,男科,眼科,耳鼻咽喉头颈科,肿瘤科,中医科,精神科,麻醉科,疼痛科,康复医学科,医学影像科,急诊医学科,病理科,医学检验科,护理门诊,营养科","7.3万","3713","https://kano.guahao.com/hlarge_7hZ2956781.jpg","简介：中外知名的西京医院坐落在美丽的古城西安，其前身是延安抗战烽火岁月里诞生的中央医院，1954年与原第五军医大学附属医院合并，为...更多","西京医院","029-88886666","陕西省西安市长乐西路15号","39","None","https://www.guahao.com/hospital/986c8a85-c720-11e1-913c-5cf9dd2e7135000"
"6711fc4b5f4a555c8ce3c976","重症医学科,变态反应科,内科,外科,骨科,皮肤性病科,眼科,耳鼻咽喉头颈科,口腔科,肿瘤科,中医科,精神科,疼痛科,康复医学科,运动医学科,医学影像科,全科医疗科,病理科,护理门诊,营养科","55.7万","14.9万","https://kano.guahao.com/hlarge_aZ02953450.jpg?timestamp=1479099468402","简介：复旦大学附属华山医院创建于1907年，是复旦大学附属综合性教学医院和中国红十字会直属医院，1992年首批通过国家三级甲等医院...更多","复旦大学附属华山医院","021-52889999","上海市静安区乌鲁木齐中路12号","505.0万","皮肤科,神经内科,神经外科,感染发热,抗生素研究所","https://www.guahao.com/hospital/125336754304601000"
"6711fc4d5f4a555c8ce3c978","内科,外科,骨科,妇产科,皮肤性病科,眼科,耳鼻咽喉头颈科,口腔科,肿瘤科,中西医结合科,精神科,康复医学科,运动医学科,医学影像科,护理门诊","3.0万","3.4万","https://kano.guahao.com/hlarge_jyk2958614.jpg","简介：复旦大学附属华山医院浦东院区（上海国际医院）坐落在浦东金桥地区，毗邻碧云国际社区，距浦东国际机场25公里，陆家嘴金融服务区1...更多","复旦大学附属华山医院浦东院区","021-38719999","上海市浦东新区红枫路525号","40.9万","None","https://www.guahao.com/hospital/fb60b555-d22d-4229-b79c-ce9e96c82863000"
"6711fc4e5f4a555c8ce3c97a","专病门诊,内科,外科,骨科,妇产科,儿科,皮肤性病科,眼科,耳鼻咽喉头颈科,口腔科,肿瘤科,中医科,中西医结合科,精神科,麻醉科,康复医学科,运动医学科,医学影像科,重症医学科","2.0万","2.8万","https://kano.guahao.com/hlarge_ERJ2958122.jpg","简介：复旦大学附属华山医院北院于2012年12月18日试运行，是一家按上海市区域卫生规划设置的，集医、教、研于一体的三级甲等综合性...更多","上海华山医院宝山院区（原华山北院）","021-66895999","上海市宝山区陆翔路108号","43.5万","便民核酸检测","https://www.guahao.com/hospital/DD5E1CC4E11B1016E0400A0AC8642080000"
"6711fc4f5f4a555c8ce3c97c","内科,儿科,眼科,肿瘤科,中医科,康复医学科","887","73","https://kano.guahao.com/hlarge_GzZ2957193.jpg","简介：复旦大学附属华山医院永和分院位于闸北区交城路100号，其前身为上海市闸北区彭浦永和地段医院。2001年10月，根据复旦大学附...更多","复旦大学附属华山医院永和分院","021-56505528","上海市交城路100号","0","None","https://www.guahao.com/hospital/9a996484-c720-11e1-913c-5cf9dd2e7135000"
"6711fc505f4a555c8ce3c97e","内科,外科,骨科,妇产科,儿科,皮肤性病科,眼科,耳鼻咽喉头颈科,口腔科,肿瘤科,康复医学科,医学影像科,病理科,医学检验科","6936","522","https://kano.guahao.com/hlarge_c942955569.jpg","简介：华山医院宝山分院位于宝山区长江西路1999号，是宝山区政府投资1.4亿元新建的二级综合性医院。2006年10月，区委、区政府...更多","复旦大学附属华山医院宝山分院","021-56731199","上海市宝山区长江西路1999号","0","None","https://www.guahao.com/hospital/98683f53-c720-11e1-913c-5cf9dd2e7135000"
"6711fc585f4a555c8ce3c980","多学科MDT门诊,妇科肿瘤,内科,外科,骨科,妇产科,皮肤性病科,眼科,耳鼻咽喉头颈科,口腔科,肿瘤科,中医科,中西医结合科,不孕不育科,精神科,麻醉科,疼痛科,康复医学科,医学影像科,全科医疗科,急诊医学科,体检科,病理科,营养科","29.5万","11.5万","https://kano.guahao.com/hlarge_ezs2953466.jpg?timestamp=1475133694670","简介：复旦大学附属中山医院是卫生部部属综合性教学医院。医院开业于1937年，是当时中国人管理的第一所大型综合性医院，隶属于国立上海...更多","复旦大学附属中山医院","021-64041990","上海市徐汇区枫林路180号","503.3万","心内科,心内科高级专家门诊,普外科,呼吸内科,呼吸内科高级专家门诊,胸外科,胸外科高级专家门诊,心外科,心外科高级专家门诊","https://www.guahao.com/hospital/125336070937502000"
"6711fc595f4a555c8ce3c982","消化内科,内科,外科,骨科,妇产科,儿科,皮肤性病科,眼科,耳鼻咽喉头颈科,口腔科,肿瘤科,中医科,麻醉科,疼痛科,康复医学科,医学影像科","629","861","https://kano.guahao.com/hlarge_EQk2955985.jpg","简介：医院始创于1948年，前身为中国红十字会青浦分会医院，1994年通过卫生部二级甲等医院评审，2012年通过上海市三级综合医院...更多","复旦大学附属中山医院青浦分院","021-69719190","上海市青浦区公园东路1158号","1553","None","https://www.guahao.com/hospital/98698b47-c720-11e1-913c-5cf9dd2e7135000"
"6711fc5c5f4a555c8ce3c984","内科,外科,妇产科,生殖中心,儿科,感染科,中西医结合科,中医科,中医妇科,神经内科,急诊内科,急诊科,急诊外科,肿瘤科,耳鼻咽喉-头颈外科,眼科,皮肤病与性病科,口腔科,过敏反应科,放射科,疼痛门诊,康复医学科,核医学科,临床营养科,知名专家门诊,综合专家门诊,专病门诊,病理专科,方便门诊,骨科,皮肤性病科,耳鼻咽喉头颈科,不孕不育科,疼痛科,医学影像科,全科医疗科","11.5万","7.4万","https://kano.guahao.com/hlarge_auK314880124.jpg?timestamp=1675327690052","简介：长江之滨，黄鹤楼下，有一所海内外闻名遐迩的医院，她就是华中科技大学同济医学院附属同济医院。  　　同济医院1900年由德国医...更多","华中科技大学同济医学院附属同济医院","027-83662688","湖北省武汉市解放大道1095号","279.0万","None","https://www.guahao.com/hospital/60cd2663-d69d-4f63-bc17-8618d6e5e609000"
"6711fc5d5f4a555c8ce3c986","内科,外科,骨科,妇产科,儿科,皮肤性病科,男科,眼科,耳鼻咽喉头颈科,口腔科,肿瘤科,中医科,不孕不育科,精神科,麻醉科,康复医学科,医学影像科,急诊医学科,体检科,医学检验科,营养科,重症医学科","3028","4689","https://kano.guahao.com/hlarge_P4y2956791.jpg","简介：中山一院（中山大学附属第一医院）前身是广东公医医科专门学校附设公立医院，始建于1910年，1957 年命名为中山医学院附属第...更多","中山大学附属第一医院","020-87330808","广东省广州市中山二路58号","0","None","https://www.guahao.com/hospital/986ca741-c720-11e1-913c-5cf9dd2e7135000"
"6711fc5e5f4a555c8ce3c988","内科,外科,骨科,妇产科,儿科,皮肤性病科,眼科,耳鼻咽喉头颈科,口腔科,中医科,麻醉科,康复医学科,医学影像科,急诊医学科,病理科","44","2317","https://kano.guahao.com/hlarge_RUZ2955200.jpg","简介：中山大学附属第一医院黄埔院区，是中山大学附属第一医院设在广州市黄埔区的一个院区，位于广州市黄埔区黄埔东路183号。黄埔院区目...更多","中山大学附属第一医院东院","020-82377155","广东省广州市黄埔区黄埔东路183号","0","None","https://www.guahao.com/hospital/9867366d-c720-11e1-913c-5cf9dd2e7135000"
"6711fc5f5f4a555c8ce3c98a","内科,外科,骨科,妇产科,儿科,皮肤性病科,眼科,耳鼻咽喉头颈科,口腔科,肿瘤科,中医科,疼痛科,康复医学科,医学影像科","2","73","https://kano.guahao.com/hlarge_Jn52955234.jpg","简介：中山大学附属第一医院东山院区（原东山区人民医院）创建于1917年，通过几十年的建设和发展，成为一家科室设置齐全、诊疗功能完善...更多","中山大学附属第一医院东山院区","020-62732233","广东省广州市东山区中山二路1号","0","None","https://www.guahao.com/hospital/98674e4a-c720-11e1-913c-5cf9dd2e7135000"
"6711fc615f4a555c8ce3c98c","小儿肾内科,内科,外科,骨科,妇产科,儿科,皮肤性病科,男科,眼科,耳鼻咽喉头颈科,口腔科,肿瘤科,中西医结合科,不孕不育科,精神科,麻醉科,疼痛科,康复医学科,医学影像科,全科医疗科,急诊医学科,营养科","2.2万","4665","https://kano.guahao.com/hlarge_mNP2953930.jpg","简介：北大医院是北京大学第一医院的简称，是一所融医疗、教学、科研、预防为一体的大型三甲综合性医院。院区分为：北大医院(西城区西什库...更多","北京大学第一医院","010-83572211","北京市西城区西什库大街八号","5715","None","https://www.guahao.com/hospital/384b93f5-e9f8-448e-8635-56ffea47f661000"
"6711fc625f4a555c8ce3c98e","内科,外科,骨科,妇产科,儿科,皮肤性病科,男科,眼科,耳鼻咽喉头颈科,口腔科,肿瘤科,中医科,不孕不育科,精神科,麻醉科,疼痛科,康复医学科,运动医学科,医学影像科,全科医疗科,职业病科,急诊医学科","2.0万","5343","https://kano.guahao.com/hlarge_41e2953873.jpg?timestamp=1624354772987","简介：北京大学第三医院(简称北医三院)始建于1958年，是集医疗、教学、科研和预防保健为一体的现代化综合性三级甲等医院。截止至20...更多","北京大学第三医院","010-82266699","北京市海淀区花园北路49号","650","None","https://www.guahao.com/hospital/33be00f1-4fae-4549-a101-fa2bf2582915000"
"6711fc635f4a555c8ce3c990","内科,外科,骨科,妇产科,儿科,皮肤性病科,眼科,耳鼻咽喉头颈科,肿瘤科,中医科,精神科,麻醉科,疼痛科,康复医学科,运动医学科,医学影像科,全科医疗科,病理科","4.1万","6466","https://kano.guahao.com/hlarge_AmP2954098.jpg","简介：中国医科大学附属第一医院是国内一所大型综合性三级甲等医院，也是一座具有光荣革命传统的医院。      中国医大一院诞生在二十...更多","中国医科大学附属第一医院","024-83283333","辽宁省沈阳市和平区南京北街155号","155","胰胆外科","https://www.guahao.com/hospital/47f4be3b-725b-420c-8e78-7862ab427848000"
"6711fc655f4a555c8ce3c992","特需门诊,内科,外科,妇产科,儿科,传染科,内分泌科,精神科,医学心理学,心血管外科,胸外科,神经内科,神经外科,老年科,眼科,耳鼻喉科,口腔科,微创外科,皮肤科,康复科,肿瘤科,中医科,麻醉科,药学部,放射科,核医学科,营养科,专科护理门诊,专家门诊,不孕不育科,中西医结合科,疼痛科,医学影像科,全科医疗科,急诊医学科,医学检验科","2.6万","2.0万","https://kano.guahao.com/hlarge_FE42954341.jpg","简介：中南大学湘雅二医院(原湖南医科大学附属第二医院)位于历史名城湖南省会长沙，脱胎于1906年美国雅礼协会在中国创办最早的西医院...更多","中南大学湘雅二医院","0731-85295888","湖南省长沙市人民中路139号","32.1万","None","https://www.guahao.com/hospital/5d04ae45-d4f9-42d8-a7f2-8f25897e197d000"
"6711fc6e5f4a555c8ce3c994","惠侨门诊,专科,内科,外科,骨科,妇产科,儿科,皮肤性病科,眼科,耳鼻咽喉头颈科,口腔科,肿瘤科,中医科,不孕不育科,麻醉科,康复医学科,医学影像科,全科医疗科,急诊医学科,病理科,医学检验科,重症医学科","3.1万","6138","https://kano.guahao.com/hlarge_UDe2957469.jpg","简介：南方医院系南方医科大学（原第一军医大学）第一附属医院、第一临床医学院，是一所集医疗、教学、科研和预防保健为一体的大型综合性三...更多","南方医科大学南方医院","020-61641114","广东省广州市广州大道北路1838号","10.1万","None","https://www.guahao.com/hospital/a986c8d76-c720-11e1-913c-5cf9dd2e7135000"
"6711fc705f4a555c8ce3c996","康复医学科,精神科,内科,外科,骨科,妇产科,皮肤性病科,男科,眼科,耳鼻咽喉头颈科,口腔科,肿瘤科,中医科,不孕不育科,麻醉科,疼痛科,医学影像科,全科医疗科,护理门诊,营养科","9.5万","4.0万","https://kano.guahao.com/hlarge_3eB2954374.jpg","简介：上海交大医学院附属仁济医院建于1844年，是上海开埠后第一所西医医院，迄今已有161年的历史，她是中国最早的综合性西医医院之...更多","上海交通大学医学院附属仁济医院东院","021-58752345","上海市浦东新浦建路160号","129.4万","消化科,风湿病科","https://www.guahao.com/hospital/5f97d681-0528-40ac-8e43-a4db5cac6c7f000"
"6711fc725f4a555c8ce3c998","特种医学与军事医学科,内科,外科,骨科,妇产科,儿科,皮肤性病科,男科,眼科,耳鼻咽喉头颈科,口腔科,肿瘤科,中医科,不孕不育科,精神科,麻醉科,疼痛科,康复医学科,医学影像科,体检科,营养科","5.6万","1.7万","https://kano.guahao.com/hlarge_BKV2957384.jpg","简介：仁济医院建于1844年，是上海开埠后第一所西医医院，迄今已有160多年的历史。仁济医院是一个学科门类齐全，集医疗、教学、科研...更多","上海交通大学医学院附属仁济医院西院","021-63261796","上海市黄浦区山东中路145号","51.9万","消化科,风湿病科","https://www.guahao.com/hospital/a315e171-061f-420a-8e17-557ea0cbbae5000"
"6711fc745f4a555c8ce3c99a","内科,外科,骨科,妇产科,儿科,皮肤性病科,男科,眼科,耳鼻咽喉头颈科,口腔科,肿瘤科,中医科,麻醉科,疼痛科,医学影像科,急诊医学科,病理科,营养科,重症医学科","3.0万","6906","https://kano.guahao.com/hlarge_WlN2954770.jpg?timestamp=1583388599400","简介：仁济医院建于1844 年，是上海开埠后第一所西医医院。医院目前由东西南北四个院区和上海市肿瘤研究所组成，是一个学科门类齐全，...更多","上海交通大学医学院附属仁济医院南院","021-58752345","上海市闵行区浦江镇江月路2000号","20.2万","None","https://www.guahao.com/hospital/8294552e-1521-45e9-bac0-5de1a5de6f39000"
"6711fc755f4a555c8ce3c99c","内科,外科,骨科,妇产科,儿科,皮肤性病科,男科,眼科,耳鼻咽喉头颈科,口腔科,肿瘤科,中医科,不孕不育科,精神科,麻醉科,疼痛科,康复医学科,医学影像科,全科医疗科,急诊医学科,病理科,护理门诊,营养科,重症医学科","2.5万","1762","https://kano.guahao.com/hlarge_Yb32958430.jpg","简介：1947年11月，浙江大学竺可桢校长远见卓识，运筹于胸，宏图甫展，购置了田家园6号、9号民宅作为医院用房，面积约2770平米...更多","浙江大学医学院附属第一医院","0571-87236666","浙江省杭州市庆春路79号(310003)","917","None","https://www.guahao.com/hospital/ED25EA3F3F67A102E040A8C00F01221B000"
"6711fc775f4a555c8ce3c99e","中医医院,内科,外科,骨科,妇产科,儿科,皮肤性病科,眼科,耳鼻咽喉头颈科,口腔科,肿瘤科,中医科,不孕不育科,麻醉科,疼痛科,康复医学科,医学影像科,全科医疗科,急诊医学科,病理科,营养科","9.1万","3.3万","https://kano.guahao.com/hlarge_KK82954913.jpg","简介：第二军医大学附属长海医院创建于1949年，是一所集医疗、教学、科研为一体的现代化大型综合性医院。1993年首批评为三级甲等医...更多","上海长海医院","021-31166666","上海市杨浦区长海路168号","134.2万","消化内科,前列腺肿瘤联席特需门诊,泌尿外科","https://www.guahao.com/hospital/8f113a19-eee7-47b8-9517-2ad069a2f57a000"
"6711fc795f4a555c8ce3c9a0","内科,外科,妇产科,骨科,儿科,感染科,中医科,眼科,口腔科,皮肤科,名医门诊,内分泌科,整形美容外科,专病专科,国际门诊,健康管理,协和肿瘤中心,男科,耳鼻咽喉头颈科,肿瘤科,中西医结合科,不孕不育科,麻醉科,疼痛科,康复医学科,医学影像科,全科医疗科,急诊医学科,体检科,病理科,护理门诊","8.8万","7.5万","https://kano.guahao.com/hlarge_ao32959867.jpg?timestamp=1589878785175","简介：武汉协和医院历史悠久，创建于1866年，是近150年来一直扎根于湖北的国家综合性教学医院，是国内的顶级医疗机构之一。    ...更多","华中科技大学同济医学院附属协和医院","027-85726114","湖北省武汉市江汉区解放大道1277号","212.5万","None","https://www.guahao.com/hospital/22fbe56c-13e2-4e34-9cee-24ab874b6b9c000"
"6711fc7a5f4a555c8ce3c9a2","外科,放射治疗科,肿瘤内科,专病专科（普通门诊）,中医科,医学影像科,超声诊断科,肿瘤科,病理科,营养科","23.2万","5.1万","https://kano.guahao.com/hlarge_XTh2953449.jpg?timestamp=1475133657657","简介：复旦大学附属肿瘤医院是国家卫生部直属的，集医疗、教学、科研、预防为一体的三级甲等肿瘤专科医院，其前身是中比镭锭治疗院，于19...更多","复旦大学附属肿瘤医院徐汇院区","021-64175590","上海市徐汇区东安路270号","322.0万","None","https://www.guahao.com/hospital/125358368239002000"
"6711fc7b5f4a555c8ce3c9a4","肿瘤外科,肿瘤妇科,肿瘤放疗,PICC护理,专病门诊,多学科,肿瘤内科,外科,中西医结合科,医学影像科","1637","719","https://kano.guahao.com/hlarge_YBw2954868.jpg?timestamp=1598513871253","简介：复旦大学附属肿瘤医院闵行分院（上海市闵行区肿瘤医院）是复旦大学与闵行区政府联手组建的，于2006年12月1日正式挂牌成立。医...更多","复旦大学附属肿瘤医院闵行分院","021-64629290","上海市闵行区瑞丽路106号","1.1万","None","https://www.guahao.com/hospital/8b9ecbce-844f-46f8-86df-d89e9a2da070000"
"6711fc7d5f4a555c8ce3c9a6","整复外科,口腔科,眼科,骨科,儿科,耳鼻咽喉头颈外科,放疗科,康复医学科,辅助生殖科,妇产科,激光美容科,麻醉科,内科,皮肤科,全科医学科,外科,医学影像科,营养科,中医科,肿瘤科,耳鼻咽喉头颈科,疼痛科,全科医疗科,急诊医学科,病理科,护理门诊","16.5万","10.9万","https://kano.guahao.com/hlarge_cbv2953376.jpg?timestamp=1476324370800","简介：上海交通大学医学院附属第九人民医院（Shanghai Ninth People’s Hospital, Shanghai J...更多","上海交通大学医学院附属第九人民医院（南部院区）","021-23271699","上海市黄浦区瞿溪路500号","324.2万","None","https://www.guahao.com/hospital/0ba4a4af-6a09-47ef-8bc6-6ecd1a7d3bb4000"
"6711fc875f4a555c8ce3c9a8","专家门诊,国际医疗部,内科,外科,骨科,妇产科,儿科,皮肤科,眼科,耳鼻咽喉科,口腔科,不孕不育科,中西医结合科,健康管理中心,康复医学科,心理卫生中心,麻醉科,运动医学科,医学影像科,全科医学科,病理科,护理门诊,营养科,药剂科,肿瘤科,急诊医学科,重症医学科","11.6万","5.1万","https://kano.guahao.com/hlarge_yHn2954071.jpg","简介：湘雅医院位于文化名城长沙，始建于1906年，由美国耶鲁大学（Yale University）雅礼协会（Yale Missio...更多","中南大学湘雅医院","0731-84328888","湖南省长沙市湘雅路87号","236.9万","专家门诊","https://www.guahao.com/hospital/448f9a19-8cd2-4ccf-a152-3930ec622d9f000"
"6711fc885f4a555c8ce3c9aa","内科,外科,骨科,妇产科,儿科,皮肤性病科,眼科,耳鼻咽喉头颈科,口腔科,肿瘤科,中医科,中西医结合科,不孕不育科,精神科,麻醉科,疼痛科,康复医学科,医学影像科,全科医疗科,职业病科,急诊医学科,病理科,医学检验科,护理门诊,重症医学科,预防保健科","3.1万","682","https://kano.guahao.com/hlarge_nUx2956872.jpg","简介：山东大学齐鲁医院是山东大学直属的国家卫生部直管医院。它坐落于泉城济南风景秀丽的趵突泉畔，是集医疗、教学、科研和预防保健于一体...更多","山东大学齐鲁医院","0531-82169114","山东省济南市文化西路107号","0","None","https://www.guahao.com/hospital/986d12c9-c720-11e1-913c-5cf9dd2e7135000"
"6711fc8a5f4a555c8ce3c9ac","内科,外科,骨科,妇产科,儿科,皮肤性病科,男科,眼科,耳鼻咽喉头颈科,口腔科,肿瘤科,中医科,不孕不育科,精神科,麻醉科,疼痛科,康复医学科,运动医学科,医学影像科,全科医疗科,体检科,病理科,护理门诊,营养科,预防保健科","4.4万","1.6万","https://kano.guahao.com/hlarge_9zk2953504.jpg","简介：江苏省人民医院，暨南京医科大学第一附属医院、江苏省临床医学研究院、江苏省红十字医院。其前身是1936年成立的江苏省立医政学院...更多","江苏省人民医院","025-83714511,83718836","本院：江苏南京广州路300号，河西院区（省妇幼）：江东北路368号","6.6万","None","https://www.guahao.com/hospital/138716556639136000"
"6711fc8b5f4a555c8ce3c9ae","小儿心脏科,内科,外科,骨科,妇产科,儿科,皮肤性病科,眼科,耳鼻咽喉头颈科,口腔科,中医科,精神科,麻醉科,疼痛科,医学影像科,全科医疗科,急诊医学科,重症医学科","1.2万","3547","https://kano.guahao.com/hlarge_qOF2954772.jpg","简介：首都医科大学附属北京安贞医院集医疗、教学、科研、预防、国际交流五位一体，是以治疗心肺血管疾病为重点的三级甲等综合性医院，在全...更多","首都医科大学附属北京安贞医院","010-64456413","北京市朝阳区安贞路2号","116.6万","小儿心脏中心特需门诊,心脏内科中心","https://www.guahao.com/hospital/82e2981c-9b46-4fe0-affc-c52109994fd5000"
"6711fc8c5f4a555c8ce3c9b0","内科,外科,骨科,妇产科,儿科,皮肤性病科,男科,眼科,耳鼻咽喉头颈科,口腔科,肿瘤科,中医科,不孕不育科,中西医结合科,精神科,麻醉科,疼痛科,康复医学科,医学影像科,急诊医学科,病理科,医学检验科,营养科,重症医学科","3.4万","934","https://kano.guahao.com/hlarge_MQv2956799.jpg","简介：中国医科大学附属盛京医院是一所现代化大型综合性、数字化大学附属医院。医院南湖院区位于沈阳市和平区三好街，滑翔院区位于沈阳市铁...更多","中国医科大学附属盛京医院南湖院区","024-23921565","辽宁省沈阳市和平区三好街36号","22","None","https://www.guahao.com/hospital/986cb7e8-c720-11e1-913c-5cf9dd2e7135000"
"6711fc8e5f4a555c8ce3c9b2","内科,外科,骨科,妇产科,儿科,皮肤性病科,男科,眼科,耳鼻咽喉头颈科,口腔科,肿瘤科,不孕不育科,中西医结合科,精神科,疼痛科,急诊医学科,病理科,重症医学科","2.0万","4408","https://kano.guahao.com/hlarge_b6R2953627.jpg","简介：东部战区总医院（南京军区南京总医院）是一所历史悠久的大型综合性医院，瞄准""国内一流、国际知名转化型医院""的战略目标，坚持以人...更多","南京大学医学院附属金陵医院（东部战区总医院）","025-80860114","江苏省南京市玄武区中山东路305号","5377","None","https://www.guahao.com/hospital/19cdd4f7-3bf2-447a-b337-c5b737fde0c5000"
"6711fc8f5f4a555c8ce3c9b4","内科,外科,骨科,妇产科,儿科,皮肤性病科,男科,眼科,耳鼻咽喉头颈科,口腔科,肿瘤科,中医科,不孕不育科,精神科,麻醉科,疼痛科,康复医学科,运动医学科,医学影像科,全科医疗科,职业病科,急诊医学科,病理科,护理门诊,营养科,重症医学科","13.2万","3.5万","https://kano.guahao.com/hlarge_aZA2954154.jpg","简介：上海交通大学医学院附属新华医院（上海新华医院）创建于1958年。通过新华人近五十年的励精图治，已成为一所学科门类齐全、具有专...更多","上海交通大学医学院附属新华医院","021-25078999","上海市杨浦区控江路1665号","126.6万","None","https://www.guahao.com/hospital/4bb95ed1-b830-4e32-a692-89bca3a32d2f000"
"6711fc915f4a555c8ce3c9b6","内科,外科,骨科,妇产科,儿科,皮肤性病科,男科,眼科,耳鼻咽喉头颈科,口腔科,肿瘤科,中医科,不孕不育科,精神科,疼痛科,康复医学科,医学影像科,全科医疗科,营养科","7250","826","https://kano.guahao.com/hlarge_F1K2954928.jpg","简介：上海交通大学医学院附属新华医院崇明分院创建于1915年，是崇明地区规模最大、设施先进，集医疗、教学、科研和管理为一体的三级乙...更多","上海交通大学医学院附属新华医院崇明分院","021-69692701","上海市崇明县城桥镇南门路25号","4.8万","None","https://www.guahao.com/hospital/902df64d-b0d3-4a88-a229-eb015c5c0f41000"
"6711fc925f4a555c8ce3c9b8","内科,外科,骨科,妇产科,儿科,皮肤性病科,男科,眼科,耳鼻咽喉头颈科,口腔科,肿瘤科,中医科,不孕不育科,精神科,麻醉科,康复医学科,医学影像科,全科医疗科,急诊医学科,病理科,护理门诊,营养科","1.8万","2007","https://kano.guahao.com/hlarge_YNI2958438.jpg","简介：浙江大学医学院附属第二医院（简称浙医二院）创建于1869年，其前身为英国圣公会在华设立的杭州广济医院，1885-1925年医...更多","浙江大学医学院附属第二医院解放路院区","0571-87783777","杭州市上城区解放路88号","924","None","https://www.guahao.com/hospital/ED25EA3F3F68A102E040A8C00F01221B000"
"6711fc935f4a555c8ce3c9ba","内科,外科,骨科,妇产科,儿科,皮肤性病科,眼科,耳鼻咽喉头颈科,口腔科,肿瘤科,中医科,不孕不育科,中西医结合科,精神科,麻醉科,疼痛科,康复医学科,医学影像科,全科医疗科,急诊医学科,体检科,病理科,医学检验科,护理门诊,营养科","5938","6578","https://kano.guahao.com/hlarge_qcP2956788.jpg","简介：陆军军医大学第一附属医院（西南医院）展开床位2200余张，设备总值6.5亿元，年门急诊量134余万人次，住院收容6.4万人次...更多","陆军军医大学第一附属医院（西南医院）","023-68754000","重庆市沙坪坝高滩岩正街30号","15.5万","None","https://www.guahao.com/hospital/986c9800-c720-11e1-913c-5cf9dd2e7135000"
"6711fc9c5f4a555c8ce3c9bc","内科,外科,骨科,妇产科,生殖医学中心,儿科,眼科,耳鼻咽喉头颈科,口腔科,皮肤性病科,肿瘤科,麻醉科,医学影像科,中医科,精神科,康复医学科","7.2万","1.7万","https://kano.guahao.com/hlarge_tGz2954826.jpg","简介：海军军医大学长征医院是一所集医疗、教学、科研为一体的综合性三级甲等医院。医院前身是1900年德国宝隆博士创办的“宝隆医院”，...更多","上海长征医院","021-63586818","上海市凤阳路415号","72.3万","None","https://www.guahao.com/hospital/8888a69d-5648-4710-99dd-92ee5e2ef1fe000"
"6711fc9d5f4a555c8ce3c9be","内科,外科,耳鼻咽喉头颈科,口腔科,肿瘤科,中医科,麻醉科,康复医学科,医学影像科,全科医疗科,病理科,医学检验科,重症医学科","9357","2808","https://kano.guahao.com/hlarge_4YJ2956802.jpg","简介：中山大学肿瘤防治中心（中山大学附属肿瘤医院，中山大学肿瘤研究所）是国内规模最大、学术力量最雄厚的肿瘤学医教研基地之一。中山大...更多","中山大学附属肿瘤医院","020-87343571","广东省广州市东风东路651号","0","None","https://www.guahao.com/hospital/986cab7f-c720-11e1-913c-5cf9dd2e7135000"
"6711fc9f5f4a555c8ce3c9c0","内科,外科,骨科,妇产科,儿科,皮肤性病科,眼科,耳鼻咽喉头颈科,口腔科,中医科,精神科,麻醉科,疼痛科,康复医学科,医学影像科,病理科,营养科","6913","950","https://kano.guahao.com/hlarge_Ir52954848.jpg","简介：首都医科大学宣武医院创建于1958年，是一所以神经科学和老年医学为重点，以治疗心脑血管疾患为主要特色，承担着医疗、教育、科研...更多","首都医科大学宣武医院","010-83198899","北京市西城区长椿街45号宣武医院","33","None","https://www.guahao.com/hospital/8a00b552-c796-4b03-b648-5db02e64f1ef000"
"6711fca15f4a555c8ce3c9c2","生殖医学中心,内科,外科,骨科,妇产科,儿科,皮肤性病科,男科,眼科,耳鼻咽喉头颈科,口腔科,肿瘤科,中医科,不孕不育科,精神科,麻醉科,疼痛科,康复医学科,运动医学科,医学影像科,全科医疗科,急诊医学科,病理科,护理门诊,营养科,重症医学科","10.1万","3.6万","https://kano.guahao.com/hlarge_Iot2957561.jpg","简介：上海市第六人民医院、上海交通大学附属第六人民医院建于1904年，是一所三级甲等大型综合性教学医院。核定床位1766张，实际开...更多","上海市第六人民医院","021-64369181","上海市徐汇区宜山路600号","137.0万","骨科,内分泌代谢科","https://www.guahao.com/hospital/b20f1915-66d5-46d9-b539-0d742b0eedd6000"
"6711fca25f4a555c8ce3c9c4","内科,外科,骨科,妇产科,儿科,皮肤性病科,眼科,耳鼻咽喉头颈科,口腔科,肿瘤科,中医科,不孕不育科,精神科,麻醉科,疼痛科,康复医学科,医学影像科,病理科,护理门诊,营养科,重症医学科","4450","1867","https://kano.guahao.com/hlarge_Ino2957770.jpg","简介：上海市第六人民医院东院、上海交通大学附属第六人民医院东院是市委、市府实施5+3+1项目工程之一，于2009年9月26日开工建...更多","上海市第六人民医院东院(临港)","021-38297000","上海市浦东新区南汇新城环湖西三路222号","1140","None","https://www.guahao.com/hospital/c077a899-41f2-43f6-b9e4-c9abf310288d000"
"6711fca35f4a555c8ce3c9c6","内科,外科,骨科,妇产科,儿科,皮肤性病科,眼科,耳鼻咽喉头颈科,肿瘤科,中医科,不孕不育科,精神科,医学影像科,急诊医学科","2431","5123","https://kano.guahao.com/hlarge_aCt2953920.jpg","简介：广东省人民医院东川门诊疑难病会诊门诊（以下简称会诊门诊）位于东川门诊大楼3楼，占地约200平方米，环境温馨、舒适。会诊门诊由...更多","广东省人民医院","020-83827812","广东省广州市中山二路106号(中山二路和东川路交界处)","854","None","https://www.guahao.com/hospital/36320406-2610-4bda-a421-df1cf83eb23a000"
"6711fca55f4a555c8ce3c9c8","内科,外科,妇产科,儿科,皮肤性病科,男科,眼科,耳鼻咽喉头颈科,口腔科,康复医学科","1","35","https://kano.guahao.com/hlarge_mTv2957282.jpg","简介：广东省人民医院平洲分院的前身为广东省皮肤病防治研究中心、广东省康复医院，是一家集医疗、康复、保健、预防为一体的综合性三级甲等...更多","广东省人民医院平洲分院","0757-86786098","广东省佛山市南海区平洲永安中路58号","0","None","https://www.guahao.com/hospital/9aa1bee0-c720-11e1-913c-5cf9dd2e7135000"
"6711fca65f4a555c8ce3c9ca","眼科,眼科专科,耳鼻喉科,耳鼻喉科专科,放疗科,眼耳鼻整形外科,口腔科,麻醉,内科,外科,骨科,儿科,耳鼻咽喉头颈科,医学影像科,病理科","19.5万","8.3万","https://kano.guahao.com/hlarge_wG42953453.jpg","简介：复旦大学附属眼耳鼻喉科医院耀华院区复旦大学附属眼耳鼻喉科医院耀华院区复旦大学附属眼耳鼻喉科医院耀华院区复旦大学附属眼耳鼻喉科...更多","复旦大学附属眼耳鼻喉科医院","021-64377134","上海市徐汇区汾阳路83号","407.6万","耳鼻喉科(特约和特需),耳鼻喉科专家,耳鼻喉科,眼科(特约和特需),眼科专家,眼科,小儿眼科与斜弱视专家,近视防治便民门诊,宝庆屈光,汾阳屈光","https://www.guahao.com/hospital/125361059609302000"
"6711fca75f4a555c8ce3c9cc","内科,外科,儿科,皮肤性病科,眼科,耳鼻咽喉头颈科,口腔科,肿瘤科,中医科,疼痛科,康复医学科,医学影像科,护理门诊","13.0万","5.4万","https://kano.guahao.com/hlarge_uig2957622.jpg","简介：复旦大学附属儿科医院创建于1952年，由西门妇孺医院分院、中国红十字会第一医院和中山医院儿科合并而成。首任院长为儿科学一级教...更多","复旦大学附属儿科医院","(021)64931923","上海市闵行区万源路399号","164.8万","神经内科,内分泌科","https://www.guahao.com/hospital/b757d737-494d-4aa9-a7b4-15d5c6ff5c18000"
"6711fca85f4a555c8ce3c9ce","内科,儿科,眼科,口腔科,肿瘤科,中医科,精神科,麻醉科,医学影像科","1.7万","2149","https://kano.guahao.com/hlarge_BRv2957354.jpg","简介：首都医科大学附属北京儿童医院（简称""北京儿童医院""）是集医疗、科研、教学、保健于一体的三级甲等综合性儿科医院，前身是我国现代...更多","北京儿童医院","010-59616161","北京市西城区南礼士路56号","193","None","https://www.guahao.com/hospital/9ff45a91-1e70-4fa5-b0af-2cd51d559a91000"
"6711fcb45f4a555c8ce3c9d0","内科,外科,骨科,妇产科,儿科,皮肤性病科,眼科,耳鼻咽喉头颈科,口腔科,肿瘤科,中医科,不孕不育科,精神科,麻醉科,疼痛科,康复医学科,医学影像科,全科医疗科,急诊医学科,营养科","3433","5892","https://kano.guahao.com/hlarge_dh22953338.jpg?timestamp=1478246045148","简介：广州医科大学附属第一医院是一所集医疗、教学、科研、保健、康复、院前急救于一体的大型三级甲等医院，也是广州呼吸疾病研究所、广州...更多","广州医科大学附属第一医院","020-83062114","广州市沿江路151号(原市总工对面)","28.2万","None","https://www.guahao.com/hospital/08319D6686C53137E0530F01A8C095E4000"
"6711fcb55f4a555c8ce3c9d2","内科,外科,耳鼻咽喉头颈科,肿瘤科,中医科,中西医结合科,精神科,麻醉科,疼痛科,康复医学科,医学影像科,病理科,营养科","3.9万","1.5万","https://kano.guahao.com/hlarge_8um2953356.jpg","简介：天津市肿瘤医院(天津医科大学附属肿瘤医院)是我国肿瘤学科的发祥地，是集医、教、研、防为一体的大型三级甲等肿瘤专科医院，是我国...更多","天津市肿瘤医院","022-23377545","天津市河西区体院北环湖西路","69.3万","None","https://www.guahao.com/hospital/08991199-fee5-48cc-b827-95eb0fdbd980000"
"6711fcb65f4a555c8ce3c9d4","内科,外科,骨科,妇产科,儿科,皮肤性病科,男科,眼科,耳鼻咽喉头颈科,口腔科,肿瘤科,中医科,不孕不育科,麻醉科,康复医学科,医学影像科,全科医疗科,急诊医学科,体检科,病理科,营养科,重症医学科","2154","1334","https://kano.guahao.com/hlarge_BnH2956784.jpg","简介：中山大学孙逸仙纪念医院(官网:www.syshospital.com)（又名中山大学第二附属医院，简称中山二院）座 落在广州...更多","中山大学孙逸仙纪念医院","020-81332199","广东省广州市沿江西路107号","0","None","https://www.guahao.com/hospital/986c8e35-c720-11e1-913c-5cf9dd2e7135000"
"6711fcb85f4a555c8ce3c9d6","内科,外科,骨科,妇产科,儿科,皮肤性病科,眼科,耳鼻咽喉头颈科,口腔科,肿瘤科,中医科,不孕不育科,精神科,疼痛科,康复医学科,医学影像科,全科医疗科,急诊医学科,营养科","3.0万","751","https://kano.guahao.com/hlarge_vVA2958656.jpg","简介：哈尔滨医科大学附属第二医院创建于1954年，是集医疗、教学、科研、预防、保健和康复为一体的大型综合性三级甲等医院。　　医院占...更多","哈尔滨医科大学附属第二医院","045186662961","哈尔滨南岗区保健路148号","260","None","https://www.guahao.com/hospital/FEC007C4FE5C1EF0E040A8C00F012C86000"
"6711fcb95f4a555c8ce3c9d8","外科,眼科","1805","1684","https://static.guahao.com/img/character/hos.png?_=20121223","简介：广州中山眼科医院（中山大学中山眼科中心、中山大学眼科医院）组建于1953年。现有床位317张。1983年，广州中山眼科医院更...更多","中山大学中山眼科中心","020-87330000","广东省广州市先烈南路54号","0","None","https://www.guahao.com/hospital/986caa11-c720-11e1-913c-5cf9dd2e7135000"
"6711fcba5f4a555c8ce3c9da","心血管内科,内科,外科,骨科,妇产科,儿科,皮肤性病科,眼科,耳鼻咽喉头颈科,口腔科,肿瘤科,中医科,中西医结合科,不孕不育科,精神科,麻醉科,疼痛科,康复医学科,医学影像科,全科医疗科,急诊医学科,体检科,重症医学科","5.1万","836","https://kano.guahao.com/hlarge_fVj2958654.jpg","简介：天津总医院（天津医科大学总医院）三级甲等医院，天津市最大的集医疗、教学、科研、预防为一体的综合性大学医院。始建于1946年，...更多","天津医科大学总医院","022-60362255","天津市和平区鞍山道154号","560","None","https://www.guahao.com/hospital/FEC007C4F75E1EF0E040A8C00F012C86000"
"6711fcbd5f4a555c8ce3c9dc","内科,外科,骨科,妇产科,儿科,皮肤性病科,眼科,耳鼻咽喉头颈科,口腔科,中医科,麻醉科,康复医学科,医学影像科,全科医疗科,急诊医学科,病理科,营养科,重症医学科","1.2万","23","https://kano.guahao.com/hlarge_ZSS2953659.jpg","简介：设置1200张床位冲""三甲""  　　天津医科大学总医院滨海医院由滨海建投集团负责投资建设，项目位于天津市滨海新区汉沽东扩区，...更多","天津医科大学总医院滨海医院","022-67127856","滨海新区汉沽医院路28号","0","None","https://www.guahao.com/hospital/1d4db830-8066-48c7-9ffd-f0000eb4f79d000"
"6711fcbe5f4a555c8ce3c9de","内科,外科,骨科,妇产科,儿科,皮肤性病科,眼科,耳鼻咽喉头颈科,口腔科,肿瘤科,中医科,不孕不育科,精神科,麻醉科,疼痛科,康复医学科,医学影像科,急诊医学科,病理科,护理门诊,营养科,重症医学科","8.4万","1.2万","https://kano.guahao.com/hlarge_g9b2953217.jpg","简介：中山大学附属第三医院（原中山医科大学附属第三医院），始建于1971年，是一所承担预防保健、医疗、康复以及医学教育和科研任务的...更多","中山大学附属第三医院天河院区","020-85253333","广东省广州市天河区天河路600号","160.9万","None","https://www.guahao.com/hospital/05ba2f6c-ec92-4a58-a6d0-31befb5474ed000"
"6711fcc05f4a555c8ce3c9e0","内科,外科,骨科,妇产科,儿科,皮肤性病科,男科,眼科,耳鼻咽喉头颈科,口腔科,肿瘤科,中医科,中西医结合科,不孕不育科,精神科,疼痛科,康复医学科,运动医学科,医学影像科,全科医疗科,急诊医学科,体检科,病理科,护理门诊,营养科,重症医学科","2.1万","8621","https://kano.guahao.com/hlarge_HJ02953474.jpg","简介：苏州大学附属第一医院始创于1883年（清光绪九年），是卫生部首批三级甲等医院，为江苏省卫生厅直属的省级重点医院，苏南地区医疗...更多","苏州大学附属第一医院十梓街院区","0512-65223637","江苏省苏州市沧浪区十梓街188号","41.3万","None","https://www.guahao.com/hospital/137228411103168000"
"6711fcc35f4a555c8ce3c9e2","内科,外科,骨科,妇产科,儿科,皮肤性病科,眼科,耳鼻咽喉头颈科,口腔科,肿瘤科,不孕不育科,中西医结合科,精神科,医学影像科,营养科,重症医学科","6.3万","577","https://kano.guahao.com/hlarge_xNj2956883.jpg","简介：哈尔滨医科大学附属第一医院始建于1949年，是集医疗、教学、科研为一体的大型综合性三级甲等医院。作为全省最大的医疗中心，医疗...更多","哈尔滨医科大学附属第一医院","0451-85556000","黑龙江省哈尔滨市南岗区大直街199号","25","None","https://www.guahao.com/hospital/986d3132-c720-11e1-913c-5cf9dd2e7135000"
"6711fcca5f4a555c8ce3c9e4","内科,外科,骨科,妇产科,儿科,皮肤性病科,眼科,耳鼻咽喉头颈科,口腔科,肿瘤科,中医科,中西医结合科,精神科,麻醉科,康复医学科,医学影像科,病理科,营养科,重症医学科","10.4万","3.4万","https://kano.guahao.com/hlarge_Cyd2954883.jpg","简介：上海交通大学医学院附属上海儿童医学中心是上海市人民政府与美国世界健康基金会(Project HOPE)的合作建设项目。医院坐...更多","上海儿童医学中心","021-38626161","上海市浦东新区东方路1678号","75.4万","None","https://www.guahao.com/hospital/8cda804a-9de1-48cb-b99a-08c0c3e4672d000"
"6711fccc5f4a555c8ce3c9e6","内科,外科,骨科,妇产科,儿科,皮肤性病科,男科,眼科,耳鼻咽喉头颈科,口腔科,肿瘤科,中医科,不孕不育科,精神科,麻醉科,疼痛科,康复医学科,运动医学科,医学影像科,全科医疗科,急诊医学科,病理科,护理门诊,营养科","5.2万","8277","https://kano.guahao.com/hlarge_0FV2954536.jpg","简介：南京市鼓楼医院，又名南京大学医学院附属鼓楼医院，前身是1892年由美国基督教会资助的加拿大籍传教士威廉&middot;爱德华...更多","南京鼓楼医院","025-83106666","南京市中山路321号","52.6万","None","https://www.guahao.com/hospital/6d71e862-8cbc-4b92-b7de-db272d9e53c3000"
"6711fccd5f4a555c8ce3c9e8","口腔科,肿瘤科,中医科","1085","462","https://kano.guahao.com/hlarge_h8X2956893.jpg","简介：四川大学华西口腔医学院始建于1907年的成都仁济牙科诊所，1912年扩建为牙症医院，1917年建立华西协合大学牙学院，是中国...更多","四川大学华西口腔医院","028-85553331","四川省成都市人民南路三段14号","58","None","https://www.guahao.com/hospital/986d4044-c720-11e1-913c-5cf9dd2e7135000"
"6711fccf5f4a555c8ce3c9ea","内科,外科,妇产科,生殖医学中心,儿科,老年病科,耳鼻咽喉-头颈外科,眼科,肿瘤科,皮肤科,医疗美容科,精神卫生中心,口腔科,中医科,针灸科,康复科,核医学科,营养咨询门诊,睡眠障碍门诊,病理门诊,PICC门诊,骨科,不孕不育科,医学影像科,全科医疗科,急诊医学科,病理科,医学检验科,重症医学科","2.9万","4377","https://kano.guahao.com/hlarge_KWb2898685.jpg?timestamp=1565760151613","简介：<p>武汉大学人民医院（湖北省人民医院、武汉大学第一临床学院）创建于1923年，是湖北地区首家公立医院。国家首批三级甲等医院...更多","武汉大学人民医院","027-88041911","湖北武汉武昌区张之洞路(原紫阳路)","15.7万","None","https://www.guahao.com/hospital/986d3f86-c720-11e1-913c-5cf9dd2e7135000"
"6711fcd05f4a555c8ce3c9ec","内科,外科,骨科,儿科,皮肤性病科,眼科,耳鼻咽喉头颈科,口腔科,肿瘤科,中医科,精神科,麻醉科,康复医学科,医学影像科","1.6万","2475","https://kano.guahao.com/hlarge_Dwu2956890.jpg","简介：重庆医科大学附属儿童医院于1956年由上海医学院儿科系迁渝创建，是集医教研为一体的国家三级甲等综合性儿童医院，最早被国家授予...更多","重庆医科大学附属儿童医院","023-63622984","重庆市重庆市渝中区重庆市渝中区中山二路136号","2076","None","https://www.guahao.com/hospital/986d3e0a-c720-11e1-913c-5cf9dd2e7135000"
"6711fcd25f4a555c8ce3c9ee","妇产科,儿科,男科,耳鼻咽喉头颈科,不孕不育科,康复医学科,医学影像科,重症医学科","3413","706","https://kano.guahao.com/hlarge_Na12956868.jpg","简介：四川大学华西第二医院，又名四川大学华西妇产儿童医院，为唯一的卫生部部属妇女儿童医院。由原华西医科大学附属第一医院的妇产科和儿...更多","四川大学华西第二医院","028-85503960","四川省成都市人民南路3段20号","0","None","https://www.guahao.com/hospital/986d2560-c720-11e1-913c-5cf9dd2e7135000"
"6711fcd35f4a555c8ce3c9f0","内科,外科,骨科,妇产科,儿科,皮肤性病科,男科,眼科,耳鼻咽喉头颈科,口腔科,肿瘤科,中医科,不孕不育科,精神科,麻醉科,疼痛科,康复医学科,运动医学科,医学影像科,急诊医学科,体检科,病理科,医学检验科,护理门诊,重症医学科","8356","785","https://kano.guahao.com/hlarge_33L2958662.jpg?timestamp=1530867518245","简介：吉林大学白求恩第一医院是一所集医疗、教学、科研、预防、保健、康复于一体的大型综合性医院、吉林省首家达标的三级甲等医院、全国百...更多","吉林大学第一医院","0431-85612345","吉林省长春市新民大街71号","0","None","https://www.guahao.com/hospital/FF0153A8EB122010E0430F01A8C07495000"
"6711fcd55f4a555c8ce3c9f2","内科,外科,骨科,妇产科,儿科,皮肤性病科,眼科,耳鼻咽喉头颈科,口腔科,肿瘤科,中医科,不孕不育科,精神科,麻醉科,疼痛科,医学影像科,职业病科,急诊医学科,病理科,重症医学科","1.4万","821","https://kano.guahao.com/hlarge_W9u2956789.jpg","简介：山东省立医院始建于1897年，迄今已有115年的悠久历史，是一所集医疗、教学、科研、预防保健和指导基层等任务于一体的山东省规...更多","山东省立医院","0531-87938911","山东省济南市经五纬七路324号","104","None","https://www.guahao.com/hospital/986c99d2-c720-11e1-913c-5cf9dd2e7135000"
"6711fcd65f4a555c8ce3c9f4","","0","0","https://kano.guahao.com/hlarge_W9u2956789.jpg","简介：山东省立医院始建于1897年，迄今已有115年的悠久历史，是一所集医疗、教学、科研、预防保健和指导基层等任务于一体的山东省规...更多","山东省立医院互联网医院","0531-87938911","山东省济南市经五纬七路324号","0","None","https://www.guahao.com/hospital/N81909596153"
"6711fcd75f4a555c8ce3c9f6","生殖中心,内科,外科,骨科,妇产科,儿科,皮肤性病科,眼科,耳鼻咽喉头颈科,口腔科,肿瘤科,中医科,麻醉科,疼痛科,康复医学科,医学影像科,急诊医学科,体检科,营养科","3.9万","3568","https://kano.guahao.com/hlarge_sOw2958584.jpg","简介：唐都医院创建于1939年，前身为延安中央医院，1958年经总参批准为第四军医大学第二附属医院，1984年经总后批准对外称“唐...更多","唐都医院","029-84777777；029-84777114","西安市灞桥区纺北路十字路口下坡即到","8.0万","None","https://www.guahao.com/hospital/f981627f-aa7e-40a7-9999-895377aa2031000"
"6711fcde5f4a555c8ce3c9f8","内科,外科,骨科,妇产科,儿科,皮肤性病科,眼科,耳鼻咽喉头颈科,口腔科,肿瘤科,中医科,精神科,麻醉科,疼痛科,康复医学科,医学影像科,全科医疗科,职业病科,急诊医学科,病理科,医学检验科,营养科,重症医学科","1.7万","751","https://kano.guahao.com/hlarge_afa2953880.jpg","简介：首都医科大学附属北京朝阳医院建院于1958年2月24日，是北京市医院管理局直属，集医疗、教学、科研、预防为一体的三级甲等医院...更多","首都医科大学附属北京朝阳医院","010-85231000","工人体育场南路8号","107.7万","None","https://www.guahao.com/hospital/34250b55-2a8b-474a-95e9-48150516d7a5000"
"6711fce05f4a555c8ce3c9fa","内科,外科,骨科,妇产科,儿科,皮肤性病科,男科,眼科,耳鼻咽喉头颈科,口腔科,肿瘤科,中医科,不孕不育科,中西医结合科,精神科,麻醉科,疼痛科,康复医学科,医学影像科,全科医疗科,急诊医学科,病理科,营养科,重症医学科","2.8万","2827","https://kano.guahao.com/hlarge_O3j2954622.jpg","简介：郑州大学第一附属医院始建于1928年9月，其前身为原国立河南大学医学院附设医院。1958年从开封迁址郑州，更名为河南医学院第...更多","郑州大学第一附属医院","0371-66913114","郑州市建设东路1号","13.4万","None","https://www.guahao.com/hospital/74cb2e29-85fb-4783-9666-586dd302cb6b000"
"6711fce15f4a555c8ce3c9fc","内科,外科,口腔科,肿瘤科,麻醉科,康复医学科,医学影像科,急诊医学科,病理科,医学检验科","7037","394","https://kano.guahao.com/hlarge_2D72956837.jpg","简介：空军军医大学口腔医院，暨第四军医大学口腔医学院，位于古城西安，是中国人民解放军唯一一所集教、医、研为一体的高等口腔专业学院，...更多","空军军医大学(第四军医大学)口腔医学院","029-84776225","陕西省西安市长乐西路145号","3","None","https://www.guahao.com/hospital/986d00e6-c720-11e1-913c-5cf9dd2e7135000"
"6711fce25f4a555c8ce3c9fe","内科,外科,儿科,肿瘤科,中医科,中西医结合科,麻醉科,疼痛科,医学影像科,急诊医学科,病理科,护理门诊,重症医学科","3.8万","1.2万","https://kano.guahao.com/hlarge_Cxg2954919.jpg","简介：上海市胸科医院是国内最早成立的以诊治心胸疾患为主的三级甲等专科医院。医院地处上海市西南中心淮海西路上，于1957年被卫生部指...更多","上海交通大学附属胸科医院","000000","上海市徐汇区淮海西路241号","82.0万","胸外科","https://www.guahao.com/hospital/8db18b07-5a05-4b8b-9183-30622b8e9da3000"
"6711fce45f4a555c8ce3ca00","院士门诊,普通门诊,专科门诊,正高专家门诊,副高专家门诊,产科建大卡,特需门诊A,特需门诊B,周末门诊A,周末门诊B,特需会诊A,特需门诊,外科,妇产科,儿科,男科,中医科,不孕不育科,医学影像科,全科医疗科","16.1万","4.1万","https://kano.guahao.com/hlarge_SoZ2953452.jpg","简介：复旦大学附属妇产科医院，由中国首家妇产专科医院——西门妇孺医院发展而来，是美国人Margaret Williamson于18...更多","复旦大学附属妇产科医院黄浦院区","021-33189900","上海市黄浦区方斜路566号","258.8万","None","https://www.guahao.com/hospital/125336131920301000"
"6711fce65f4a555c8ce3ca02","普通门诊,专科门诊,正高专家门诊,产科建大卡,优秀团队,副高专家门诊,周末特需门诊A,周末特需门诊B,特需门诊A,特需门诊B,特需会诊A,外科,妇产科,儿科,不孕不育科","17.2万","2.8万","https://kano.guahao.com/hlarge_i422953459.jpg","简介：复旦大学附属妇产科医院，由中国首家妇产专科医院——西门妇孺医院发展而来，是美国人Margaret Williamson于18...更多","复旦大学附属妇产科医院杨浦院区","021-33189900","上海市杨浦区沈阳路128号","205.2万","None","https://www.guahao.com/hospital/126811834070259000"
"6711fce75f4a555c8ce3ca04","内科,儿科,眼科,口腔科,急诊医学科,营养科","1.3万","1329","https://kano.guahao.com/hlarge_0HT2955602.jpg?timestamp=1534234424125","简介：中国医学科学院北京协和医学院血液学研究所血液病医院创建于1957年，创办人为著名血液学家、教育家邓家栋教授，其前身是中国人民...更多","中国医学科学院血液病医院（血液学研究所）","022-23909999","天津市和平区南京路288号","3.0万","None","https://www.guahao.com/hospital/98684eaf-c720-11e1-913c-5cf9dd2e7135000"
"6711fce95f4a555c8ce3ca06","内科,外科,骨科,妇产科,儿科,皮肤性病科,眼科,耳鼻咽喉头颈科,口腔科,肿瘤科,中医科,不孕不育科,精神科,麻醉科,疼痛科,康复医学科,医学影像科,全科医疗科,急诊医学科,体检科,医学检验科,护理门诊,营养科","2.3万","2406","https://kano.guahao.com/hlarge_VTW2956895.jpg","简介：重庆医科大学附属第一医院于1957年由原上海第一医学院（现复旦大学附属医院）分迁来渝创建，历经50余年的建设和发展，已成为全...更多","重庆医科大学附属第一医院","023-68811360","重庆市渝中区袁家岗友谊路1号","12.7万","胃肠外科","https://www.guahao.com/hospital/986d41c1-c720-11e1-913c-5cf9dd2e7135000"
"6711fcea5f4a555c8ce3ca08","内科,外科,妇产科,儿科,眼科,口腔科,中医科,中西医结合科,精神科,麻醉科,康复医学科,医学影像科,体检科,护理门诊,营养科","4671","901","https://kano.guahao.com/hlarge_gA32958429.jpg","简介：浙江大学医学院附属儿童医院是浙江省最大的三级甲等儿童医院，承担着全省儿科医疗、教学、科研、儿童保健及突发性公共卫生事件应急任...更多","浙江大学医学院附属儿童医院(湖滨院区)","0571-87061007","浙江省杭州市下城区竹竿巷57号310003","179","发育行为儿科","https://www.guahao.com/hospital/ED25EA3F3F66A102E040A8C00F01221B000"
"6711fcec5f4a555c8ce3ca0a","内科,外科,骨科,妇产科,儿科,皮肤性病科,男科,眼科,耳鼻咽喉头颈科,口腔科,肿瘤科,中医科,精神科,麻醉科,康复医学科,运动医学科,医学影像科,全科医疗科,急诊医学科,病理科,护理门诊,营养科","6.7万","1.7万","https://kano.guahao.com/hlarge_K5l2953715.jpg","简介：上海市第一人民医院建于1864年3月1日，时称Shanghai General Hospital，为全国当时规模最大的西医医...更多","上海交通大学附属第一人民医院","021-63240090","上海市虹口区海宁路100号","69.4万","None","https://www.guahao.com/hospital/23723714-e925-4149-99ee-f66b0ee36151000"
"6711fcf55f4a555c8ce3ca0c","名医（特需）门诊,内科,外科,骨科,妇产科,儿科,眼科,口腔科,耳鼻喉头颈科,皮肤风湿免疫科,肿瘤科,疼痛科,医学影像科,中医科,麻醉科,全科医疗科,急诊医学科","1.7万","4578","https://kano.guahao.com/hlarge_SB22954573.jpg?timestamp=1478246394832","简介：医院概况新桥医院是第三军医大学第二附属医院，始建于1944年，前身是国民党军政部陆军医院，1950年改编为西南军区总医院，1...更多","重庆新桥医院","023-68755744、023-68755745","重庆市沙坪坝区新桥正街","87.9万","None","https://www.guahao.com/hospital/70e69226-fcde-4c4b-9e0b-05802890863c000"
"6711fcf65f4a555c8ce3ca0e","内科,外科,骨科,妇产科,儿科,皮肤性病科,眼科,耳鼻咽喉头颈科,口腔科,肿瘤科,中医科,不孕不育科,精神科,麻醉科,疼痛科,康复医学科,医学影像科,急诊医学科,体检科,病理科,医学检验科,营养科,重症医学科","2.4万","1631","https://kano.guahao.com/hlarge_6gG2956899.jpg?timestamp=1582888872823","简介：西安交通大学医学院第一附属医院（原西安医科大学第一附属医院）是西北地区最大的综合性三甲医院。现开放床位2300余张，年门诊量...更多","西安交通大学第一附属医院","029-85323112","陕西省西安市雁塔西路277号","1.4万","None","https://www.guahao.com/hospital/986d3ec7-c720-11e1-913c-5cf9dd2e7135000"
"6711fcf75f4a555c8ce3ca10","内科,外科,肿瘤科,中医科,中西医结合科,医学影像科,职业病科","4362","2638","https://kano.guahao.com/hlarge_e0M2954538.jpg","简介：同济大学附属上海市肺科医院(上海市职业病医院)创建于1933年，首任院长为国立上海医学院院长颜福庆教授。建院七十多年来，通过...更多","上海市肺科医院延庆路门诊部","021-65115006","上海市徐汇区延庆路130号","8.1万","None","https://www.guahao.com/hospital/6d6ca698-e799-4fd9-b0c1-8a086f1f134f000"
"6711fcf95f4a555c8ce3ca12","心理咨询,内科,儿科,精神科,麻醉科","2.8万","8374","https://kano.guahao.com/hlarge_e9i2954789.jpg","简介：上海市精神卫生中心又名上海市心理咨询中心，原名上海市精神病防治院，前身为普慈疗养院，始建于1935年。2006年5月上海市精...更多","上海市精神卫生中心","021-64387250","上海市徐汇区宛平南路600号","10.7万","None","https://www.guahao.com/hospital/8296304b-5550-4c20-a434-97e82e19b45e000"
"6711fcfa5f4a555c8ce3ca14","外科,皮肤性病科","1.6万","1445","https://kano.guahao.com/hlarge_uhV2954392.jpg?timestamp=1478246659811","简介：中国医学科学院整形外科医院（八大处整形医院）创建于1957年，是我国最早的整形外科专科医院，是中国整形外科事业的摇篮。医院坐...更多","中国医学科学院整形外科医院","010-88772233,010-85557900","北京市石景山区八大处路33号","4353","None","https://www.guahao.com/hospital/61533eb3-8d00-40e3-8c05-6719d3130570000"
"6711fcfb5f4a555c8ce3ca16","内科,外科,骨科,妇产科,儿科,皮肤性病科,眼科,耳鼻咽喉头颈科,口腔科,肿瘤科,中医科,麻醉科,康复医学科","4832","1447","https://kano.guahao.com/hlarge_lE12953416.jpg","简介：积水潭医院矫形骨科成立于1957年。是北京积水潭医院传统的重点科室之一。自1960年至今，宋献文、郭兴唐、王金城、周乙雄和周...更多","北京积水潭医院新街口院区","010-58516688","北京西城区新街口东街31号","16.9万","None","https://www.guahao.com/hospital/0e27f027-46f5-46a3-bbc1-94c40a2b1133000"
"6711fcfc5f4a555c8ce3ca18","内科,外科,肿瘤科,医学影像科,职业病科,放疗科,耳鼻咽喉头颈科,麻醉科,疼痛科,营养科","7.6万","2.1万","https://kano.guahao.com/hlarge_oE72957388.jpg","简介：同济大学附属上海市肺科医院(上海市职业病医院)创建于1933年，首任院长为国立上海医学院院长颜福庆教授。建院七十多年来，通过...更多","上海市肺科医院","021-65115006","上海市杨浦区政民路507号","110.2万","胸外科","https://www.guahao.com/hospital/a37ef412-f31e-421d-a291-2521ea6f74d8000"
"6711fcfe5f4a555c8ce3ca1a","内科,放疗科,外科,妇科,骨科,肿瘤科,中医科,精神科,麻醉科,医学影像科,病理科,护理门诊,营养科","7374","307","https://kano.guahao.com/hlarge_uHS2956697.jpg","简介：山东省肿瘤医院暨山东省肿瘤防治研究院始建于1958年，坐落于美丽的泉城济南，隶属于山东省医学科学院，山东省卫计委为业务主管部...更多","山东省肿瘤医院","0531-87984777","山东省济南市济兖路440号","2688","骨科,头颈外科","https://www.guahao.com/hospital/986c3710-c720-11e1-913c-5cf9dd2e7135000"
"6711fcff5f4a555c8ce3ca1c","内科,外科,骨科,妇产科,儿科,皮肤性病科,男科,眼科,耳鼻咽喉头颈科,口腔科,肿瘤科,中医科,精神科,麻醉科,疼痛科,康复医学科,医学影像科,急诊医学科,体检科,病理科,医学检验科","5.3万","370","https://kano.guahao.com/hlarge_L6z2958681.jpg","简介：沈阳军区总医院是一所历史悠久、技术力量雄厚，设备先进的大型现代化综合医院，为全军首批三级甲等医院，是东北三省唯一一家经国家人...更多","北部战区总医院","024-28856114","辽宁省沈阳市沈河区文化路83号","5","None","https://www.guahao.com/hospital/FF0153A8EB792010E0430F01A8C07495000"
"6711fd015f4a555c8ce3ca1e","呼吸中心,心脏血管病中心,疼痛诊疗研究中心,内分泌代谢病中心,风湿病诊疗中心,口腔科,内科,外科,中医科,妇科,儿科,男科,医技,专病门诊,美容医疗,骨科,妇产科,皮肤性病科,眼科,耳鼻咽喉头颈科,肿瘤科,中西医结合科,麻醉科,疼痛科,运动医学科,医学影像科,全科医疗科","1.6万","3202","https://kano.guahao.com/hlarge_2VF2956643.jpg?timestamp=1508899850917","简介：中日友好医院（简称\""中日医院\""）位于北京市朝阳区樱花园东街2号，是中华人民共和国国家卫生和计划生育委员会直属医院，于19...更多","中日友好医院","010-84205288","北京市朝阳区樱花园东街","33.4万","None","https://www.guahao.com/hospital/986be850-c720-11e1-913c-5cf9dd2e7135000"
"6711fd085f4a555c8ce3ca20","内科,外科,妇产科,儿科,男科,肿瘤科,中医科,不孕不育科,中西医结合科,精神科,麻醉科,疼痛科,医学影像科,全科医疗科,护理门诊,营养科","1.9万","2517","https://kano.guahao.com/hlarge_zif2958435.jpg","简介：浙江大学医学院附属妇产科医院（浙江省妇女保健院、浙江省妇女医院），是浙江省妇产科医疗、教学、科研及计划生育、妇女保健工作的指...更多","浙江大学医学院附属妇产科医院","0571-87061501","浙江省杭州市学士路1号","3.3万","None","https://www.guahao.com/hospital/ED25EA3F3F65A102E040A8C00F01221B000"
"6711fd095f4a555c8ce3ca22","内科,外科,骨科,肿瘤科,中医科,麻醉科,医学影像科,全科医疗科","2.6万","7391","https://kano.guahao.com/hlarge_gbq2953457.jpg?timestamp=1652084312851","简介：中国人民解放军海军军医大学第三附属医院(东方肝胆外科医院，东方肝胆外科研究所)，是在我国肝胆外科开拓者、著名肝胆外科专家、中...更多","海军军医大学第三附属医院（东方肝胆外科）长海路院区","021-65564166","上海市杨浦区长海路225号","12.0万","None","https://www.guahao.com/hospital/128796908419696000"
"6711fd0b5f4a555c8ce3ca24","外科,内科,特需门诊,特需体检中心,儿科,耳鼻咽喉头颈科,口腔科,医学影像科","4.2万","1.5万","https://kano.guahao.com/hlarge_xEW2957818.jpg","简介：上海市儿童医院是一所集医疗、保健、教学、科研、康复于一体的三级甲等儿童医院，前身是由我国著名儿科专家富文寿及现代儿童营养学创...更多","上海市儿童医院北京西路院区","021-62474880","上海市静安区北京西路1400弄24号","14.2万","None","https://www.guahao.com/hospital/c4f0833d-7f1c-43cc-81e9-1aacc1911b76000"
"6711fd0c5f4a555c8ce3ca26","内科,外科,体检中心,特需门诊,儿科,口腔科,不孕不育科","2.2万","1.5万","https://kano.guahao.com/hlarge_31D2957813.jpg","简介：上海市儿童医院是一所集医疗、保健、教学、科研、康复于一体的三级甲等儿童医院，前身是由我国著名儿科专家富文寿及现代儿童营养学创...更多","上海市儿童医院普陀新院","021-52976020","上海市普陀区泸定路355号,近同普路","7.2万","None","https://www.guahao.com/hospital/c41a8562-f8bb-408c-9d63-75d10a561d46000"
"6711fd0e5f4a555c8ce3ca28","内科,外科,皮肤性病科,中医科,麻醉科,医学影像科,病理科","2.0万","1.2万","https://kano.guahao.com/hlarge_WBP2964806.jpg?timestamp=1534236820396","简介：中国医学科学院皮肤病研究所1954年创建于北京，直属中央卫生部领导。1970年从北京迁至江苏泰州，1984年迁南京现址，并建...更多","中国医学科学院皮肤病医院","025-85478999","中国江苏南京市蒋王庙街12号","2.1万","None","https://www.guahao.com/hospital/986ac934-c720-11e1-913c-5cf9dd2e7135000"
"6711fd0f5f4a555c8ce3ca2a","内科,外科,骨科,儿科,眼科,耳鼻咽喉头颈科,口腔科,中医科,医学影像科","1.9万","1856","https://kano.guahao.com/hlarge_dg92953928.jpg","简介：首都儿科研究所附属儿童医院是三级甲等医院、爱婴医院、北京大学教学医院、规范化服务达标医院、首都平安示范医院。同时也是北京大学...更多","首都儿科研究所附属儿童医院","010-85695555","北京市朝阳区雅宝路2号","65.9万","None","https://www.guahao.com/hospital/3656053a-8313-4ac1-9d6a-5af70382f462000"
"6711fd105f4a555c8ce3ca2c","内科,外科,骨科,妇产科,皮肤性病科,男科,眼科,耳鼻咽喉头颈科,口腔科,肿瘤科,中医科,中西医结合科,不孕不育科,精神科,麻醉科,疼痛科,康复医学科,医学影像科,全科医疗科,急诊医学科,体检科,病理科,医学检验科,护理门诊,营养科","5519","574","https://kano.guahao.com/hlarge_Kxo2956866.jpg","简介：重庆医科大学附属第二医院，是集医疗、教学、科研、预防保健为一体的国家三级甲等综合医院。前身为始建于1892年的“重庆宽仁医院...更多","重庆医科大学附属第二医院(临江门院区)","023-63693000","重庆市临江路76号","2.3万","None","https://www.guahao.com/hospital/986d22e6-c720-11e1-913c-5cf9dd2e7135000"
"6711fd125f4a555c8ce3ca2e","口腔科,病理科","2598","3136","https://kano.guahao.com/hlarge_eXp2959851.jpg?timestamp=1565760364707","简介：武汉大学口腔医院（湖北省口腔医院）位于湖北省武汉市洪山区珞喻路237号，始建于1960年，建筑面积达2.5万平方米，是一所集...更多","武汉大学口腔医院","027-87686110","湖北省武汉市洪山区珞喻路237号","6488","None","https://www.guahao.com/hospital/5257c66d-876b-4b34-98b6-1d34ead2df9c000"
"6711fd135f4a555c8ce3ca30","内科,外科,骨科,妇产科,儿科,皮肤性病科,眼科,耳鼻咽喉头颈科,口腔科,肿瘤科,中医科,中西医结合科,康复医学科,医学影像科,重症医学科","1.5万","212","https://kano.guahao.com/hlarge_BaB2954012.jpg","简介：北京地坛医院（原名北京第一传染病医院）始建于1946年，是卫生部疾病预防与控制中心、北京市卫生局共建单位、三级甲等医院，北京...更多","北京地坛医院","010-84322000","北京市朝阳区京顺东街8号","17.8万","None","https://www.guahao.com/hospital/40ae1865-ad50-452b-bbb2-b356ff7e1ab0000"
"6711fd145f4a555c8ce3ca32","内科,外科,骨科,妇产科,皮肤性病科,眼科,耳鼻咽喉头颈科,口腔科,肿瘤科,中医科,中西医结合科,康复医学科,医学影像科","19","32","https://kano.guahao.com/hlarge_pTb2954272.jpg","简介：首都医科大学附属北京地坛医院始建于1946年，属三级甲等医院，是一所以传染病的诊治、研究和培训任务为特色，并集医疗、教学、科...更多","北京地坛医院顺义院区","010-80400009","北京市顺义区李遂镇南孙路李遂段799号","3","None","https://www.guahao.com/hospital/5726bb15-a985-4093-8380-62404273419f000"
"6711fd1c5f4a555c8ce3ca34","内科,外科,全科医疗科,骨科,妇产科,皮肤性病科,男科,眼科,耳鼻咽喉头颈科,口腔科,肿瘤科,中医科,中西医结合科,精神科,麻醉科,疼痛科,康复医学科,医学影像科,急诊医学科,病理科,护理门诊,营养科","6.0万","7247","https://kano.guahao.com/hlarge_mZu2953451.jpg","简介：复旦大学附属华东医院成立于1951年，其前身为建于1921年的宏恩医院。医院拥有东、南、西、北四幢医疗主楼以及十多幢配套用房...更多","复旦大学附属华东医院","021-62483180","上海市静安区延安西路221号","210.5万","None","https://www.guahao.com/hospital/125369370584301000"
"6711fd1d5f4a555c8ce3ca36","内科,外科,骨科,妇产科,皮肤性病科,男科,眼科,耳鼻咽喉头颈科,口腔科,肿瘤科,中医科,精神科,疼痛科,康复医学科,医学影像科,全科医疗科,病理科,护理门诊,营养科","906","597","https://kano.guahao.com/hlarge_XyS2953999.jpg","简介：复旦大学附属华东医院成立于1951年，其前身为建于1921年的宏恩医院。医院占地面积达4万㎡，拥有东、南、西、北四幢医疗主楼...更多","复旦大学附属华东医院特需诊疗部","021-62483180","上海市静安区延安西路221号","2.0万","None","https://www.guahao.com/hospital/3eded5c6-e446-4c3d-8068-650df181abba000"
"6711fd1e5f4a555c8ce3ca38","内科,外科,骨科,妇产科,皮肤性病科,男科,眼科,耳鼻咽喉头颈科,口腔科,肿瘤科,中医科,中西医结合科,疼痛科,医学影像科,病理科","7143","2785","https://kano.guahao.com/hlarge_h4E2959344.jpg?timestamp=1571015806007","简介：复旦大学附属华东医院成立于1951年，其前身为建于1921年的宏恩医院。医院占地面积达4万㎡，拥有东、南、西、北四幢医疗主楼...更多","复旦大学附属华东医院闵行门诊部","021-62483180","上海市闵行区春申路2869号,近莲花南路","12.4万","None","https://www.guahao.com/hospital/127529327571445000"
"6711fd1f5f4a555c8ce3ca3a","放射治疗科,内科,外科,妇产科,肿瘤科,中医科,中西医结合科,疼痛科,医学影像科,体检科,病理科,医学检验科","6169","751","https://kano.guahao.com/hlarge_Ad42954281.jpg","简介：浙江省肿瘤医院于1963年10月成立，是国内最早成立的4家肿瘤医院之一、省内第一家肿瘤专科医院。 医院现有职工1287人，高...更多","浙江省肿瘤医院","0571-88122221","浙江省杭州市拱墅区半山桥广济路38号","4395","None","https://www.guahao.com/hospital/580988fd-e0ec-4670-aa69-1cc3a35c4ca9000"
"6711fd215f4a555c8ce3ca3c","内科,妇产科,儿科,眼科,口腔科,肿瘤科,中医科,不孕不育科,精神科,麻醉科,康复医学科,医学影像科,医学检验科,营养科,重症医学科","1.4万","2543","https://kano.guahao.com/hlarge_y8d2956796.jpg","简介：广州市儿童医院1953年8月1日正式成立，前身为达·保罗医院。经过50多年的发展，我院已成为国内较有影响的儿童医院之一，是一...更多","广州市妇女儿童医疗中心","020-81886332","人民中路318号","0","None","https://www.guahao.com/hospital/986cb09c-c720-11e1-913c-5cf9dd2e7135000"
"6711fd225f4a555c8ce3ca3e","内科,外科,骨科,妇产科,儿科,皮肤性病科,男科,眼科,耳鼻咽喉头颈科,口腔科,肿瘤科,中医科,不孕不育科,精神科,疼痛科,康复医学科,医学影像科,急诊医学科,病理科,重症医学科","1.2万","803","https://kano.guahao.com/hlarge_d0e2956955.jpg","简介：1939年，""一附院""以一个小门诊部发韧于""南昌沦陷与抗战反攻""的苦难年代，为民族的存亡而生死救援。1945年抗战胜利，成为...更多","南昌大学第一附属医院","0791-88692748","江西省南昌市东湖区永外正街17号","0","None","https://www.guahao.com/hospital/986d77cb-c720-11e1-913c-5cf9dd2e7135000"
"6711fd245f4a555c8ce3ca40","内科,外科,骨科,妇产科,儿科,皮肤性病科,男科,眼科,耳鼻咽喉头颈科,口腔科,肿瘤科,中医科,中西医结合科,精神科,麻醉科,疼痛科,康复医学科,医学影像科,全科医疗科,急诊医学科,体检科,病理科,营养科","5.5万","225","https://kano.guahao.com/hlarge_rfb2956909.jpg","简介：1973年天津第二附属医院在原河北省医院旧址成立，1994年8月，随着天津医学院成为天津医科大学而更名为天津医科大学第二医院...更多","天津医科大学第二医院","022-28331788","天津市河西区平江道23号","7","None","https://www.guahao.com/hospital/986d4f39-c720-11e1-913c-5cf9dd2e7135000"
"6711fd255f4a555c8ce3ca42","内科,外科,骨科,妇产科,儿科,皮肤性病科,耳鼻咽喉头颈科,肿瘤科,中医科,麻醉科,医学影像科","738","234","https://kano.guahao.com/hlarge_7P656696016.jpg","简介：哈尔滨医科大学附属肿瘤医院（哈医大三院、黑龙江省肿瘤医院）始建于1972年，是我省唯一集肿瘤预防、医疗、教学、科研为一体的三...更多","哈尔滨医科大学附属肿瘤医院","0451-86298000","哈平路150号","25","None","https://www.guahao.com/hospital/986d5d0a-c720-11e1-913c-5cf9dd2e7135000"
"6711fd265f4a555c8ce3ca44","内科,外科,骨科,妇产科,儿科,皮肤性病科,男科,眼科,耳鼻咽喉头颈科,口腔科,肿瘤科,中医科,精神科,麻醉科,疼痛科,康复医学科,医学影像科,全科医疗科,急诊医学科,病理科,营养科,重症医学科","1.8万","1391","https://kano.guahao.com/hlarge_HMW2957315.jpg","简介：南京市第一医院，又名南京医科大学附属南京医院、南京医科大学第三临床医学院、南京市心血管病医院，创办于1936年2月1日。19...更多","南京市第一医院","025-52271000（总机）","南京市长乐路68号","4.6万","None","https://www.guahao.com/hospital/9b5f86a4-ca22-4c29-96eb-59dfb21c70ca000"
"6711fd275f4a555c8ce3ca46","","0","0","https://kano.guahao.com/hlarge_z3W27810824","简介：暂无","北京朝阳光华医院","010-65086972","北京市朝阳区朝阳路新街大院18号","0","None","https://www.guahao.com/hospital/d4c07b28-731a-4967-8fad-03416e24690a000"
"6711fd2d5f4a555c8ce3ca48","","0","0","https://kano.guahao.com/hlarge_z3W27810824","简介：暂无","北京市二零一所医院","010-68963221","北京市朝阳区豆各庄乡","0","None","https://www.guahao.com/hospital/644aab6d-ca7a-4ac4-9975-c23dbb1abc8c000"
"6711fd2e5f4a555c8ce3ca4a","","0","0","https://kano.guahao.com/hlarge_z3W27810824","简介：暂无","北京朝阳凌和望京医院","010-84710230，84710213","北京市朝阳区宏昌路望京西园一区120号","0","None","https://www.guahao.com/hospital/96a3f50a-8b00-48ea-ba58-52702f2fbcdf000"
"6711fd2f5f4a555c8ce3ca4c","","0","0","https://kano.guahao.com/hlarge_z3W27810824","简介：暂无","新市镇卫生院","","广东新市镇卫生院","0","None","https://www.guahao.com/hospital/bd31fd4c-c244-4fa1-8d9d-3c3531fdd1bf000"
"6711fd305f4a555c8ce3ca4e","","0","0","https://kano.guahao.com/hlarge_z3W27810824","简介：暂无","乌鲁木齐市米东区卡子湾社区卫生服务中心育林社区卫生服务站","","乌鲁木齐市米东区卡子湾育林社区卫生服务站","0","None","https://www.guahao.com/hospital/013e1692-82b5-4ae6-af79-7d40cf031a8d000"
"6711fd315f4a555c8ce3ca50","","0","0","https://kano.guahao.com/hlarge_drv123345407.jpg?timestamp=1565887646640","简介：暂无","乌鲁木齐市米东区卡子湾社区服务中心佳园社区卫生服务站","","乌鲁木齐市米东区卡子湾社区服务中心佳园卫生服务站","0","None","https://www.guahao.com/hospital/2a6e9df5-6dd9-4147-992f-199bdbdf20fd000"
"6711fd325f4a555c8ce3ca52","","0","0","https://kano.guahao.com/hlarge_F6e123357782.jpg?timestamp=1565889304328","简介：暂无","乌鲁木齐市米东区三道坝镇三道坝村卫生室","","乌鲁木齐市米东区三道坝镇三道坝村卫生室","0","None","https://www.guahao.com/hospital/2d2ff193-35d9-4c2d-b007-41dff67ef744000"
"6711fd335f4a555c8ce3ca54","","0","0","https://kano.guahao.com/hlarge_z3W27810824","简介：暂无","乌鲁木齐市米东区卡子湾社区卫生服务中心象新社区卫生服务站","","乌鲁木齐市米东区卡子湾社区卫生服务中心象新社区卫生服务站","0","None","https://www.guahao.com/hospital/2f6b9b10-ed54-4344-8e4f-16eeed91b642000"
"6711fd345f4a555c8ce3ca56","","0","0","https://kano.guahao.com/hlarge_Bsx123345564.jpg?timestamp=1565887710122","简介：暂无","乌鲁木齐市米东区柏杨河乡独山子村卫生室","","乌鲁木齐市米东区柏杨河乡东山子村卫生室","0","None","https://www.guahao.com/hospital/4100dcdf-ba31-46ed-9f6e-8b481e632634000"
"6711fd365f4a555c8ce3ca58","","0","0","https://kano.guahao.com/hlarge_q0u123358022.jpg?timestamp=1565889340270","简介：暂无","乌鲁木齐米东区三道坝卫生院天生沟村卫生室","","天生沟村","0","None","https://www.guahao.com/hospital/4f45c674-a9d9-49e6-99e9-ec3e6e133de3000"
"6711fd365f4a555c8ce3ca5a","","0","0","https://kano.guahao.com/hlarge_z3W27810824","简介：暂无","乌鲁木齐市米东区卡子湾社区服务中心佳园卫生服务站","","乌鲁木齐市米东区卡子湾社区服务中心佳园卫生服务站","0","None","https://www.guahao.com/hospital/50f197fb-2e33-41b3-b490-7303b9c5548e000"
"6711fd415f4a555c8ce3ca5c","","0","0","https://kano.guahao.com/hlarge_pnL123345357.jpg?timestamp=1565887634717","简介：暂无","乌鲁木齐市米东区三道坝镇皇工村卫生室","","皇工村卫生室","0","None","https://www.guahao.com/hospital/90a28122-5438-4a4a-bab8-083fa9e50464000"
"6711fd425f4a555c8ce3ca5e","","0","0","https://kano.guahao.com/hlarge_z3W27810824","简介：暂无","长沙市开福区东风路街道社区卫生服务中心","","德雅路胜利街3号","0","None","https://www.guahao.com/hospital/9c817425-7c33-4f50-a812-94b731c12b37000"
"6711fd435f4a555c8ce3ca60","","0","1","https://kano.guahao.com/hlarge_z3W27810824","简介：暂无","乌鲁木齐市米东区卡子湾社区卫生服务中心佳园社区卫生服务站","","乌鲁木齐市米东区卡子湾社区服务中心佳园卫生服务站","0","None","https://www.guahao.com/hospital/d9b3f37a-489a-4625-bab6-dad59eb633a5000"
"6711fd445f4a555c8ce3ca62","","0","1","https://kano.guahao.com/hlarge_z3W27810824","简介：暂无","山西太原斜颈病医院","0351-4066296","山西省太原市建设南路65号","0","None","https://www.guahao.com/hospital/05aafed5-dc5e-4706-b030-ae5efcbef395000"
"6711fd455f4a555c8ce3ca64","","0","0","https://kano.guahao.com/hlarge_mt6123351378.jpg?timestamp=1565888498588","简介：暂无","庐江县泥河镇泥河中心卫生院","","泥河中心卫生院","0","None","https://www.guahao.com/hospital/147936d3-48f9-4913-81c8-d234b4927636000"
"6711fd465f4a555c8ce3ca66","","0","0","https://kano.guahao.com/hlarge_a1g123351147.jpg?timestamp=1565888478479","简介：暂无","庐江县罗河镇罗咀村卫生室","","罗咀村卫生室","0","None","https://www.guahao.com/hospital/27260b09-e4df-4784-9df7-c3b777c5acdc000"
"6711fd475f4a555c8ce3ca68","","0","0","https://kano.guahao.com/hlarge_8FA123350897.jpg?timestamp=1565888454835","简介：暂无","龙桥镇龙桥村卫生室","","安徽省合肥市庐江县龙桥镇龙桥村卫生室","0","None","https://www.guahao.com/hospital/297935ec-b566-4e6e-9a24-86e64e163f21000"
"6711fd485f4a555c8ce3ca6a","","0","0","https://kano.guahao.com/hlarge_45V123351026.jpg?timestamp=1565888466676","简介：暂无","庐江县万山镇水关村卫生室","","万山镇水关村卫生室","0","None","https://www.guahao.com/hospital/2ae7fdee-75e8-439e-9029-ad02af45bbd2000"
"6711fd4a5f4a555c8ce3ca6c","","0","0","https://kano.guahao.com/hlarge_TFx123351352.jpg?timestamp=1565888496165","简介：暂无","庐江县泥河镇沙溪社区卫生室","","沙溪社区卫生室","0","None","https://www.guahao.com/hospital/42561a81-5980-4f30-adec-d5500b6aece7000"
"6711fd4b5f4a555c8ce3ca6e","","0","0","https://kano.guahao.com/hlarge_pnm123351268.jpg?timestamp=1565888487376","简介：暂无","庐江县庐城镇高拐卫生服务站","","南门老大桥高拐卫生服务站","0","None","https://www.guahao.com/hospital/4e5166ec-0bbc-4646-aba3-847063854606000"
"6711fd555f4a555c8ce3ca70","","0","0","https://kano.guahao.com/hlarge_egr123350940.jpg?timestamp=1565888458655","简介：暂无","庐江县庐城镇绣溪社区卫生服务站","","中西路与城中路交叉口南100米绣溪社区卫生服务站","0","None","https://www.guahao.com/hospital/51e8bcf9-909e-44fa-bb50-eebfc9914400000"
"6711fd565f4a555c8ce3ca72","","0","0","https://kano.guahao.com/hlarge_fjs123351116.jpg?timestamp=1565888476081","简介：暂无","庐江县白湖镇白湖村卫生室","","白湖村卫生室","0","None","https://www.guahao.com/hospital/6ba8091a-b83b-42da-9a5a-107deca807c4000"
"6711fd575f4a555c8ce3ca74","","0","0","https://kano.guahao.com/hlarge_5Pc123335661.jpg?timestamp=1565884547164","简介：暂无","黄冈市黄州区康泰医院","0713-8811967","湖北省黄冈市黄州区","0","None","https://www.guahao.com/hospital/6ec6a76c-5361-482e-a451-1ae3e231daa9000"
"6711fd585f4a555c8ce3ca76","","0","0","https://kano.guahao.com/hlarge_xJC123350857.jpg?timestamp=1565888451544","简介：暂无","庐江县矾山镇矾矿社区卫生室","","安徽省合肥市庐江县086县道矾山镇矾矿社区卫生室","0","None","https://www.guahao.com/hospital/868bd7a0-9b1c-4348-96a1-ccbfbbb28d76000"
"6711fd595f4a555c8ce3ca78","","0","0","https://kano.guahao.com/hlarge_eCF123350937.jpg?timestamp=1565888458356","简介：暂无","庐江县庐城镇移湖社区卫生站","","果园山路附近移湖社区卫生站","0","None","https://www.guahao.com/hospital/89949ae4-5bd2-42fe-84c2-059b47225dac000"
"6711fd5b5f4a555c8ce3ca7a","","0","0","https://kano.guahao.com/hlarge_d6d123351269.jpg?timestamp=1565888487590","简介：暂无","庐江县庐城镇磙塘社区卫生服务站","","金二西路磙塘社区卫生服务站","0","None","https://www.guahao.com/hospital/97453437-2276-451c-968b-2bf7aaef1f05000"
"6711fd5c5f4a555c8ce3ca7c","","0","0","https://kano.guahao.com/hlarge_sdI123351105.jpg?timestamp=1565888474738","简介：暂无","庐江县郭河镇郭河社区卫生室","","郭河社区卫生室","0","None","https://www.guahao.com/hospital/9ab95b3b-b16a-4e8f-8b49-2a22e2dfe7bc000"
"6711fd5d5f4a555c8ce3ca7e","","0","0","https://kano.guahao.com/hlarge_5Vp123357146.jpg?timestamp=1565889223714","简介：暂无","庐江县汤池镇凤桥村卫生室","","庐江县汤池镇凤桥村卫生室","0","None","https://www.guahao.com/hospital/a77b595b-b50a-48f9-9eb8-68659e21fe84000"
"6711fd5e5f4a555c8ce3ca80","","0","0","https://kano.guahao.com/hlarge_gEW123352450.jpg?timestamp=1565888641011","简介：暂无","庐江县冶父山镇铺岗村卫生室","","铺岗村卫生室","0","None","https://www.guahao.com/hospital/b8620f34-1da1-4ed3-a8d3-c919160389a3000"
"6711fd5f5f4a555c8ce3ca82","","0","0","https://kano.guahao.com/hlarge_90B123358288.jpg?timestamp=1565889370240","简介：暂无","庐江县矾山镇钟山社区卫生室","","钟山社区卫生室","0","None","https://www.guahao.com/hospital/bb75c886-23e4-4b96-9d5a-900347fc17a6000"
"6711fd665f4a555c8ce3ca84","","0","0","https://kano.guahao.com/hlarge_WHN123354499.jpg?timestamp=1565888896558","简介：暂无","庐江县白山镇代桥村卫生室","","代桥村卫生室","0","None","https://www.guahao.com/hospital/d81a570a-8df8-4175-94d0-9362c6dbaf62000"
"6711fd675f4a555c8ce3ca86","","0","0","https://kano.guahao.com/hlarge_gYs123351074.jpg?timestamp=1565888471183","简介：暂无","庐江县泥河镇八里村卫生室","","八里村卫生室","0","None","https://www.guahao.com/hospital/d9294fdc-e624-4a61-bb52-5df274c2dc00000"
"6711fd695f4a555c8ce3ca88","","0","0","https://kano.guahao.com/hlarge_D6P123358596.jpg?timestamp=1565889405609","简介：暂无","庐江县矾山镇石峡村卫生室","","石峡村卫生室","0","None","https://www.guahao.com/hospital/e978c21e-919f-45af-a1c5-0134a2b57ea7000"
"6711fd6a5f4a555c8ce3ca8a","","8","2","https://kano.guahao.com/hlarge_N3T123355249.jpg?timestamp=1565888996225","简介：暂无","湖南省株洲市攸县江桥街道社区卫生服务中心","","江桥街道社区卫生服务中心","0","None","https://www.guahao.com/hospital/0e6b0d20-178b-483c-a6ef-7bd29e3c541a000"
"6711fd6b5f4a555c8ce3ca8c","","0","2","https://kano.guahao.com/hlarge_z3W27810824","简介：暂无","乐清市城南街道社区卫生服务中心","","乐清市城南街道宁康西路552号","0","None","https://www.guahao.com/hospital/f53b5208-d76c-44ae-803b-f69c87b1151f000"
"6711fd6c5f4a555c8ce3ca8e","","0","0","https://kano.guahao.com/hlarge_z3W27810824","简介：暂无","湖南省岳阳市平江县余坪镇宋段村卫生室","","卫生室","0","None","https://www.guahao.com/hospital/0031fcb5-e792-4f80-a9a8-4a74a423d206000"
"6711fd6d5f4a555c8ce3ca90","","0","0","https://kano.guahao.com/hlarge_cnM123359486.jpg?timestamp=1565889537485","简介：暂无","湖南省株洲市醴陵市石亭镇长塘村卫生室","","卫生室","0","None","https://www.guahao.com/hospital/006a102c-7ef1-4dcd-af7c-48db75c198ab000"
"6711fd6e5f4a555c8ce3ca92","","0","0","https://kano.guahao.com/hlarge_vWz123355436.jpg?timestamp=1565889012305","简介：暂无","平江县加义镇泊头一村卫生室","","平江县加义镇泊头一村卫生室","0","None","https://www.guahao.com/hospital/00f92860-af05-413c-bcc8-dac98ceb03aa000"
"6711fd6f5f4a555c8ce3ca94","","0","0","https://kano.guahao.com/hlarge_FTD123358193.jpg?timestamp=1565889359998","简介：暂无","湖南省衡阳市耒阳市三都镇洪塘村卫生室","","卫生室","0","None","https://www.guahao.com/hospital/01258a74-4c91-454e-bf64-abe91e380292000"
"6711fd705f4a555c8ce3ca96","","0","0","https://kano.guahao.com/hlarge_lxz123354650.jpg?timestamp=1565888918232","简介：暂无","平江县向家镇北街居委会卫生室","","平江县向家镇北街居委会卫生室","0","None","https://www.guahao.com/hospital/01ed1744-432a-4a21-8c36-228bf6fac7bf000"
"6711fd845f4a555c8ce3ca98","","0","0","https://kano.guahao.com/hlarge_z3W27810824","简介：暂无","湖南省株洲市攸县联星街道永佳社区卫生室","","卫生室","0","None","https://www.guahao.com/hospital/0223467a-abf6-45c5-839c-50c3e76daf40000"
"6711fd855f4a555c8ce3ca9a","","0","0","https://kano.guahao.com/hlarge_z3W27810824","简介：暂无","湖南省株洲市攸县联星街道文化社区卫生室","","卫生室","0","None","https://www.guahao.com/hospital/029d821b-c58a-4a7a-a4a1-25e8a76d3019000"
"6711fd865f4a555c8ce3ca9c","","0","0","https://kano.guahao.com/hlarge_nQS123358453.jpg?timestamp=1565889388895","简介：暂无","湖南省醴陵市明月镇罗夹口村卫生室","","罗夹口村卫生室","0","None","https://www.guahao.com/hospital/02a28fa7-4d14-491c-bff6-fc2a80c64b49000"
"6711fd875f4a555c8ce3ca9e","","0","0","https://kano.guahao.com/hlarge_hUW123358913.jpg?timestamp=1565889441294","简介：暂无","湖南省醴陵市白兔潭镇荷田村卫生室","","荷田组","0","None","https://www.guahao.com/hospital/02e31dad-5849-4a90-a1bb-130309b3d232000"
"6711fd885f4a555c8ce3caa0","","0","0","https://kano.guahao.com/hlarge_Byi123357401.jpg?timestamp=1565889255771","简介：暂无","湖南省衡阳市耒阳市大和圩乡卫生院","","中心卫生院","0","None","https://www.guahao.com/hospital/03293365-5363-4365-a7a6-86be25d3e22c000"
"6711fd8a5f4a555c8ce3caa2","","0","0","https://kano.guahao.com/hlarge_NkJ123355688.jpg?timestamp=1565889048969","简介：暂无","株洲市攸县丫江桥镇三峰村卫生室","","村卫生室","0","None","https://www.guahao.com/hospital/037d6e95-960f-4e9d-8df3-5129a41e7fc1000"
"6711fd8b5f4a555c8ce3caa4","","0","0","https://kano.guahao.com/hlarge_G7p123355642.jpg?timestamp=1565889040507","简介：暂无","平江县加义镇焕新村卫生室","","焕新村","0","None","https://www.guahao.com/hospital/03ad6511-bb16-4e38-87dd-cd297978b731000"
"6711fd8c5f4a555c8ce3caa6","","0","0","https://kano.guahao.com/hlarge_avb123356365.jpg?timestamp=1565889134177","简介：暂无","湖南省衡阳市衡南县泉湖镇建伟村卫生室","","建伟村卫生室","0","None","https://www.guahao.com/hospital/03b5c0e8-b886-461d-8b47-a2285dbca450000"
"6711fd8d5f4a555c8ce3caa8","","0","0","https://kano.guahao.com/hlarge_z3W27810824","简介：暂无","湖南省衡阳市衡山县岭坡乡望峰卫生院","","岭坡乡望峰卫生院","0","None","https://www.guahao.com/hospital/045aa39c-4f27-4f84-a95e-618f850ddb8c000"
"6711fd8e5f4a555c8ce3caaa","","0","0","https://kano.guahao.com/hlarge_z3W27810824","简介：暂无","湖南省衡阳市衡东县南湾乡卫生院","","乡卫生院","0","None","https://www.guahao.com/hospital/04b89d8d-184b-4e87-aacb-38f9ac91cdbd000"
"6711fd9d5f4a555c8ce3caac","","0","0","https://kano.guahao.com/hlarge_I6u123358851.jpg?timestamp=1565889433958","简介：暂无","湖南省醴陵市均楚镇周坊村卫生室","","周坊村卫生室","0","None","https://www.guahao.com/hospital/0533dafa-586c-4170-913b-55d802cefde7000"
"6711fd9e5f4a555c8ce3caae","","0","0","https://kano.guahao.com/hlarge_Xpn123358489.jpg?timestamp=1565889393116","简介：暂无","湖南株洲醴陵市仙岳山街道碧山村卫生室","","左权南路20号","0","None","https://www.guahao.com/hospital/060a188f-9d88-43d0-93aa-1cce0c3efa68000"
"6711fd9f5f4a555c8ce3cab0","","0","0","https://kano.guahao.com/hlarge_Vb9123359325.jpg?timestamp=1565889508439","简介：暂无","湖南省岳阳市汨罗市三江镇八景村卫生室","","湖南省岳阳市汨罗市三江镇八景村","0","None","https://www.guahao.com/hospital/060f972c-66b4-43de-88d9-70a6a3a7386b000"
"6711fda05f4a555c8ce3cab2","","0","0","https://kano.guahao.com/hlarge_Aej123356406.jpg?timestamp=1565889138810","简介：暂无","湖南省衡阳市衡南县泉湖镇康龙村卫生室","","康龙村卫生室","0","None","https://www.guahao.com/hospital/06437e9c-6ef1-422f-8161-503717c61af8000"
"6711fda25f4a555c8ce3cab4","","0","0","https://kano.guahao.com/hlarge_5fG123357471.jpg?timestamp=1565889264235","简介：暂无","湖南株洲醴陵市浦口镇李洲村卫生室","","卫生室","0","None","https://www.guahao.com/hospital/064e9c03-9bde-497e-9029-4d64e8015adc000"
"6711fda35f4a555c8ce3cab6","","0","0","https://kano.guahao.com/hlarge_WCN123358042.jpg?timestamp=1565889343026","简介：暂无","湖南省岳阳市汨罗市三江镇太平村杨六军卫生室","","湖南省岳阳市汨罗市三江镇落马村","0","None","https://www.guahao.com/hospital/0674b325-000b-45de-badb-77000e2e6d6b000"
"6711fda45f4a555c8ce3cab8","","0","0","https://kano.guahao.com/hlarge_wyi123358180.jpg?timestamp=1565889358306","简介：暂无","株洲醴陵市李畋镇麻石村卫生室","","五组","0","None","https://www.guahao.com/hospital/06a51e9c-880e-4a67-8f6d-4ba06de49347000"
"6711fda55f4a555c8ce3caba","","0","0","https://kano.guahao.com/hlarge_PwX123355793.jpg?timestamp=1565889064739","简介：暂无","湖南省衡阳市祁东县永昌街道尚书村卫生室","","卫生室","0","None","https://www.guahao.com/hospital/06f516f0-2cb1-4ff5-802b-eda14978608a000"
"6711fda65f4a555c8ce3cabc","","0","0","https://kano.guahao.com/hlarge_s3n123358023.jpg?timestamp=1565889340329","简介：暂无","湖南省醴陵市李畋镇潼塘社区吴建民卫生室","","吴建民卫生室","0","None","https://www.guahao.com/hospital/07134387-af06-4d86-985d-01ee0b4e3332000"
"6711fda75f4a555c8ce3cabe","","0","0","https://kano.guahao.com/hlarge_BPI123354895.jpg?timestamp=1565888952999","简介：暂无","平江县加义镇横江二村卫生室","","平江县加义镇横江二村卫生室","0","None","https://www.guahao.com/hospital/071d9406-5dea-43dd-8e2f-8a7f4051ea25000"
"6711fdb25f4a555c8ce3cac0","","0","0","https://kano.guahao.com/hlarge_Z29123357479.jpg?timestamp=1565889265155","简介：暂无","平江县伍市镇普庆村卫生室","","平江县伍市镇普庆村卫生室","0","None","https://www.guahao.com/hospital/075fb5d4-cc93-420f-a75c-be44b2f58d92000"
"6711fdb35f4a555c8ce3cac2","","0","0","https://kano.guahao.com/hlarge_Mjf123356116.jpg?timestamp=1565889105522","简介：暂无","株洲攸县鸾山镇咸弦村卫生室","","卫生室","0","None","https://www.guahao.com/hospital/07d35b87-f4d5-428e-bf45-9862e5308b79000"
"6711fdb45f4a555c8ce3cac4","","0","0","https://kano.guahao.com/hlarge_2Hc123358278.jpg?timestamp=1565889369217","简介：暂无","湖南省株洲市醴陵市石亭镇姞仙村卫生室","","卫生室","0","None","https://www.guahao.com/hospital/07f44ea9-e8aa-4fdd-a781-38d014bd4513000"
"6711fdb55f4a555c8ce3cac6","","0","0","https://kano.guahao.com/hlarge_EcZ123354974.jpg?timestamp=1565888962894","简介：暂无","平江县加义镇加义居委会卫生室","","平江县加义镇加义居委会","0","None","https://www.guahao.com/hospital/08129087-a54c-494f-a335-c7c281a77326000"
"6711fdb65f4a555c8ce3cac8","","0","0","https://kano.guahao.com/hlarge_kq4123357851.jpg?timestamp=1565889312631","简介：暂无","湖南省衡阳市耒阳市夏塘镇福龙村卫生室","","卫生室","0","None","https://www.guahao.com/hospital/0832153c-0c57-46ec-b5bb-f92cda1b6869000"
"6711fdb75f4a555c8ce3caca","","0","0","https://kano.guahao.com/hlarge_rgK123358537.jpg?timestamp=1565889398623","简介：暂无","湖南省岳阳市汨罗市三江镇望峰村卫生室","","湖南省岳阳市汨罗市三江镇智峰乡广联村","0","None","https://www.guahao.com/hospital/08750c3f-0a75-4eb1-9e89-41ad05b192d2000"
"6711fdb85f4a555c8ce3cacc","","0","0","https://kano.guahao.com/hlarge_z3W27810824","简介：暂无","湖南省衡阳市石鼓区人民街道社区卫生服务中心","","湖南省衡阳市石鼓区中山北路33号","0","None","https://www.guahao.com/hospital/088d5278-72fc-4223-ab7f-14d042f4b623000"
"6711fdb95f4a555c8ce3cace","","0","0","https://kano.guahao.com/hlarge_dsW123355993.jpg?timestamp=1565889090789","简介：暂无","株洲攸县网岭镇洞井社区卫生室","","卫生室","0","None","https://www.guahao.com/hospital/08a14c88-30da-42e8-b195-134e92583da0000"
"6711fdba5f4a555c8ce3cad0","","0","0","https://kano.guahao.com/hlarge_gMb123354140.jpg?timestamp=1565888847163","简介：暂无","湖南省平江县民建村卫生室","","民建村卫生室","0","None","https://www.guahao.com/hospital/08b7481d-4df6-41e0-859a-fe0c39408959000"
"6711fdbb5f4a555c8ce3cad2","","0","0","https://kano.guahao.com/hlarge_ZZP123355954.jpg?timestamp=1565889089258","简介：暂无","株洲市攸县新市镇大同桥何岭村卫生室","","村卫生室","0","None","https://www.guahao.com/hospital/08c1d91f-d43c-47ce-a41f-374e385aeabc000"
"6711fdc65f4a555c8ce3cad4","","0","0","https://kano.guahao.com/hlarge_WAe123356040.jpg?timestamp=1565889096460","简介：暂无","湖南省株洲市攸县桃水镇小集村卫生室刘清奇","","小集村卫生室（刘清奇）","0","None","https://www.guahao.com/hospital/08c9ea69-8e54-486b-bfbd-fa161368ed3b000"
"6711fdc85f4a555c8ce3cad6","","0","0","https://kano.guahao.com/hlarge_qtr123358704.jpg?timestamp=1565889418151","简介：暂无","平江县伍市镇栗山村卫生室","","平江县伍市镇栗山村卫生室","0","None","https://www.guahao.com/hospital/090479ae-83bc-4d9e-8fab-3431a0087a3d000"
"6711fdc95f4a555c8ce3cad8","","0","0","https://kano.guahao.com/hlarge_HPm123358981.jpg?timestamp=1565889449611","简介：暂无","湖南省株洲市天元区马家河镇泉源村卫生室","","天元区马家河镇泉源村卫生室","0","None","https://www.guahao.com/hospital/0986dca6-9149-41b2-b2c2-eb3cec400ed2000"
"6711fdca5f4a555c8ce3cada","","0","0","https://kano.guahao.com/hlarge_IYL123358742.jpg?timestamp=1565889422007","简介：暂无","湖南省醴陵市明月镇卫生院","","明月镇卫生院","0","None","https://www.guahao.com/hospital/09c49920-618c-448e-8a23-0fe50c6d76fd000"
"6711fdcb5f4a555c8ce3cadc","","0","0","https://kano.guahao.com/hlarge_MxW123357896.jpg?timestamp=1565889319960","简介：暂无","湖南省衡阳市耒阳市南京镇江里村卫生室","","卫生室","0","None","https://www.guahao.com/hospital/09c9bd77-9a37-4c44-b4bb-b66cb95bff18000"
"6711fdcc5f4a555c8ce3cade","","0","0","https://kano.guahao.com/hlarge_Qt0123357586.jpg?timestamp=1565889282449","简介：暂无","湖南省醴陵市均楚镇老湾村卫生室","","老湾村卫生室","0","None","https://www.guahao.com/hospital/09c9f317-fd5b-4ce3-be69-4bdf09590a38000"
"6711fdcd5f4a555c8ce3cae0","","0","0","https://kano.guahao.com/hlarge_VhZ123355423.jpg?timestamp=1565889011729","简介：暂无","平江县加义镇东南村卫生室","","平江县加义镇东南村","0","None","https://www.guahao.com/hospital/09df7eb3-55ba-4b8c-a8a5-fdd7d65e57cb000"
"6711fdce5f4a555c8ce3cae2","","0","0","https://kano.guahao.com/hlarge_364123358079.jpg?timestamp=1565889348360","简介：暂无","湖南省衡阳市耒阳市仁义镇邝庸村卫生室","","卫生室","0","None","https://www.guahao.com/hospital/0a22a651-2910-47ee-98ef-cf68e279d329000"
"6711fdcf5f4a555c8ce3cae4","","0","0","https://kano.guahao.com/hlarge_sef123358502.jpg?timestamp=1565889394268","简介：暂无","湖南株洲醴陵市仙岳山街道五里墩村孙初平卫生室","","石灰塘组29号","0","None","https://www.guahao.com/hospital/0a3e2f00-4a13-4139-a2d5-855142d8e312000"
"6711fdd05f4a555c8ce3cae6","","0","0","https://kano.guahao.com/hlarge_9Lp123359012.jpg?timestamp=1565889452685","简介：暂无","湖南省株洲市醴陵市沈潭镇双垅村彭湘清卫生室","","卫生室","0","None","https://www.guahao.com/hospital/0a746cce-f158-4b1f-854d-dbc9936ffbda000"
"6711fdd95f4a555c8ce3cae8","","0","0","https://kano.guahao.com/hlarge_9BF123354626.jpg?timestamp=1565888914723","简介：暂无","湖南省平江县天岳关村卫生室","","天岳关村卫生室","0","None","https://www.guahao.com/hospital/0abc9439-496d-4a97-90e4-69ebb55567ac000"
"6711fdda5f4a555c8ce3caea","","0","0","https://kano.guahao.com/hlarge_pFX123355714.jpg?timestamp=1565889053361","简介：暂无","株洲市攸县皇图岭镇新乐村卫生室","","村卫生室","0","None","https://www.guahao.com/hospital/0acb6f03-e531-421d-be8f-19e41390d668000"
"6711fddb5f4a555c8ce3caec","","0","0","https://kano.guahao.com/hlarge_uG5123349006.jpg?timestamp=1565888190437","简介：暂无","衡阳县溪江乡卫生院","","衡阳县溪江乡溪江村西泉组","0","None","https://www.guahao.com/hospital/0ad83fa2-b1b3-4261-a2e7-6de4cbbec1d0000"
"6711fddc5f4a555c8ce3caee","","0","0","https://kano.guahao.com/hlarge_7qM123359116.jpg?timestamp=1565889469603","简介：暂无","株洲醴陵市泗汾镇茶田村易德霞卫生室","","易德霞卫生室","0","None","https://www.guahao.com/hospital/0ae5b0da-354d-47d0-b5ea-834141b3d8e1000"
"6711fddd5f4a555c8ce3caf0","","0","0","https://kano.guahao.com/hlarge_Zkm123358415.jpg?timestamp=1565889383393","简介：暂无","湖南省醴陵市茶山镇石均塘村卫生室","","卫生室","0","None","https://www.guahao.com/hospital/0b15deb8-57de-4113-92c4-60885b809a88000"
"6711fdde5f4a555c8ce3caf2","","0","0","https://kano.guahao.com/hlarge_NEQ123356240.jpg?timestamp=1565889119234","简介：暂无","湖南省株洲市攸县黄丰桥镇晓曙村卫生室","","卫生室","0","None","https://www.guahao.com/hospital/0b236590-2978-44da-8379-c975094d4311000"
"6711fde05f4a555c8ce3caf4","","0","0","https://kano.guahao.com/hlarge_z3W27810824","简介：暂无","湖南省衡阳市珠晖区苗圃街道社区卫生服务中心","","湖南省衡阳市珠晖区苗圃街道光明里社区嘉树里83号","0","None","https://www.guahao.com/hospital/0c5fe902-f522-44f6-881f-47e4d59b01af000"
"6711fde15f4a555c8ce3caf6","","0","0","https://kano.guahao.com/hlarge_Hrl123358005.jpg?timestamp=1565889338529","简介：暂无","湖南省醴陵市王仙镇大屏山村卫生室","","卫生室","0","None","https://www.guahao.com/hospital/0cf87e8d-2247-473d-8b7f-6ef0b54772c8000"
"6711fde25f4a555c8ce3caf8","","0","0","https://kano.guahao.com/hlarge_5MG123358163.jpg?timestamp=1565889356554","简介：暂无","平江县伍市镇合胜村卫生室","","平江县伍市镇合胜村卫生室","0","None","https://www.guahao.com/hospital/0cf933ff-eda5-4496-a5b0-2e999f30f660000"
"6711fde35f4a555c8ce3cafa","","0","0","https://kano.guahao.com/hlarge_KfA123356858.jpg?timestamp=1565889191550","简介：暂无","湖南省株洲市渌口区古岳峰镇横塘村卫生室","","湖南省株洲市渌口区古岳峰镇横塘村横塘组","0","None","https://www.guahao.com/hospital/0d2ab7e9-155c-4414-a9fa-6667c5a0fbe3000"
"6711fdec5f4a555c8ce3cafc","","0","0","https://kano.guahao.com/hlarge_YGs123357284.jpg?timestamp=1565889242123","简介：暂无","湖南省醴陵市李畋镇石溪村卫生室","","卫生室","0","None","https://www.guahao.com/hospital/0d2b3f11-216a-48ee-aefe-684a61b6e43e000"
"6711fded5f4a555c8ce3cafe","","0","0","https://kano.guahao.com/hlarge_SF1123354486.jpg?timestamp=1565888895667","简介：暂无","湖南省平江县虹桥镇中心卫生院","","虹桥镇中心卫生院","0","None","https://www.guahao.com/hospital/0d509098-6119-4584-b2c5-8580fd8ac619000"
"6711fdee5f4a555c8ce3cb00","","0","0","https://kano.guahao.com/hlarge_R52123358326.jpg?timestamp=1565889373234","简介：暂无","湖南省岳阳市汨罗市弼时镇桃花村胡俊卫生室","","湖南省岳阳市汨罗市弼时镇桃花村","0","None","https://www.guahao.com/hospital/0d95a273-d93b-41b0-98ca-58de41803cca000"
"6711fdef5f4a555c8ce3cb02","","0","0","https://kano.guahao.com/hlarge_KfQ123359338.jpg?timestamp=1565889512903","简介：暂无","湖南省衡阳市耒阳市长坪乡潭湖村卫生室","","卫生室","0","None","https://www.guahao.com/hospital/0dbd2b65-6e7a-45c9-a850-c3c89fad4823000"
"6711fdf15f4a555c8ce3cb04","","0","0","https://kano.guahao.com/hlarge_z3W27810824","简介：暂无","湖南省衡阳市常宁市三角塘镇千家村卫生室","","千家村卫生室","0","None","https://www.guahao.com/hospital/0dcf29a5-fcbd-49c1-a0f3-124517aa8f55000"
"6711fdf25f4a555c8ce3cb06","","0","0","https://kano.guahao.com/hlarge_Exi123356247.jpg?timestamp=1565889119568","简介：暂无","株洲市攸县皇图岭镇李家铺村卫生室","","村卫生室","0","None","https://www.guahao.com/hospital/0dd9ec72-b467-4dd8-8d36-558597c8f41f000"
"6711fdf35f4a555c8ce3cb08","","0","0","https://kano.guahao.com/hlarge_z3W27810824","简介：暂无","湖南省平江县虹桥镇幕阜新村卫生室","","幕阜新村卫生室","0","None","https://www.guahao.com/hospital/0e27ca44-2c0e-4ac9-a3ab-405c6b203540000"
"6711fdf45f4a555c8ce3cb0a","","0","0","https://kano.guahao.com/hlarge_pjn123358816.jpg?timestamp=1565889429397","简介：暂无","湖南省株洲市醴陵市沩山镇青泉村卫生室","","卫生室","0","None","https://www.guahao.com/hospital/0e2d67b7-d747-42b2-b5a7-0734c8ba3b4a000"
"6711fdf45f4a555c8ce3cb0c","","0","0","https://kano.guahao.com/hlarge_3j1123356012.jpg?timestamp=1565889093300","简介：暂无","株洲市攸县新市镇大同桥善桥村村卫生室","","村卫生室","0","None","https://www.guahao.com/hospital/0e8df72f-a7ff-4b46-b4be-50f6cbeafc70000"
"6711fdf55f4a555c8ce3cb0e","","0","0","https://kano.guahao.com/hlarge_bko123354922.jpg?timestamp=1565888956581","简介：暂无","湖南省岳阳市平江县岑川镇正北村卫生室","","正北村","0","None","https://www.guahao.com/hospital/0f538860-a012-4dbc-9a58-57eb283470fa000"
"6711fe005f4a555c8ce3cb10","","0","0","https://kano.guahao.com/hlarge_vrw123358363.jpg?timestamp=1565889377167","简介：暂无","湖南省株洲市醴陵长庆示范区黄沙村李群芳卫生室","","湖南省株洲市醴陵长庆示范区黄沙村","0","None","https://www.guahao.com/hospital/0f7a4fed-f31d-4ec6-b792-432381d199cc000"
"6711fe015f4a555c8ce3cb12","","0","0","https://kano.guahao.com/hlarge_z3W27810824","简介：暂无","湖南省衡阳市耒阳市导子镇沙明乡卫生院","","沙明乡卫生院","0","None","https://www.guahao.com/hospital/10853226-2615-447d-b787-6c41d50f23fc000"
"6711fe025f4a555c8ce3cb14","","0","0","https://kano.guahao.com/hlarge_z3W27810824","简介：暂无","平江县伍市镇卫生院","","湖南省岳阳市平江县伍市镇伍市镇","0","None","https://www.guahao.com/hospital/114dfa3c-7cf0-4b12-978d-627f62184ac9000"
"6711fe035f4a555c8ce3cb16","","0","0","https://kano.guahao.com/hlarge_z3W27810824","简介：暂无","舞钢市铁山乡赵案庄村卫生所","","铁山乡赵案庄村","0","None","https://www.guahao.com/hospital/11a76014-e79e-4af7-81ef-2057056e1cb6000"
"6711fe055f4a555c8ce3cb18","","0","0","https://kano.guahao.com/hlarge_zLP123355755.jpg?timestamp=1565889058929","简介：暂无","株洲市攸县新市镇大同桥大同村卫生室","","村卫生室","0","None","https://www.guahao.com/hospital/11c0f516-42a3-40e3-8d22-985608cc6739000"
"6711fe065f4a555c8ce3cb1a","","0","0","https://kano.guahao.com/hlarge_mlg123357853.jpg?timestamp=1565889312937","简介：暂无","湖南株洲醴陵市浦口镇天符社区卫生室","","卫生室","0","None","https://www.guahao.com/hospital/11e792c6-ac28-4ed0-b5f4-3cae67b9ebd3000"
"6711fe065f4a555c8ce3cb1c","","0","0","https://kano.guahao.com/hlarge_z3W27810824","简介：暂无","湖南省衡阳市祁东县河洲镇前锦村卫生室","","河洲镇前锦村卫生室","0","None","https://www.guahao.com/hospital/1274e919-f94f-4983-8d80-ab5f5a6aad22000"
"6711fe075f4a555c8ce3cb1e","","0","0","https://kano.guahao.com/hlarge_z3W27810824","简介：暂无","湖南省平江县虹桥镇凤麓村卫生室","","凤麓村卫生室","0","None","https://www.guahao.com/hospital/134f13d2-940e-4c35-8166-f421158356aa000"
"6711fe085f4a555c8ce3cb20","","0","0","https://kano.guahao.com/hlarge_dVQ123358038.jpg?timestamp=1565889343229","简介：暂无","湖南省醴陵市均楚镇黄田村卫生室","","黄田村卫生室","0","None","https://www.guahao.com/hospital/1367d0d9-0b58-4958-8de0-9cc782a4cf8b000"
"6711fe0a5f4a555c8ce3cb22","","0","0","https://kano.guahao.com/hlarge_FyX123357510.jpg?timestamp=1565889270372","简介：暂无","湖南省衡阳市耒阳市灶市街道社区卫生服务","","卫生服务中心","0","None","https://www.guahao.com/hospital/139a02ff-2dd3-45a2-b9ae-c734dd3e694a000"
"6711fe135f4a555c8ce3cb24","","0","0","https://kano.guahao.com/hlarge_0PS123357584.jpg?timestamp=1565889282550","简介：暂无","湖南省醴陵市王仙镇温泉村卫生室","","邹家湾组","0","None","https://www.guahao.com/hospital/139dcc64-c950-477f-83a2-9afc5fbd872e000"
"6711fe145f4a555c8ce3cb26","","0","0","https://kano.guahao.com/hlarge_K7X123359126.jpg?timestamp=1565889471074","简介：暂无","湖南省醴陵市茶山镇长沙岭居委会卫生室","","卫生室","0","None","https://www.guahao.com/hospital/147b58f9-4d5f-4bbc-9c71-f53e9a8df09d000"
"6711fe165f4a555c8ce3cb28","","0","0","https://kano.guahao.com/hlarge_D6L123358039.jpg?timestamp=1565889342709","简介：暂无","湖南省岳阳市汨罗市三江镇荆浒村李军卫生室","","湖南省岳阳市汨罗市三江镇荆浒村李军卫生室","0","None","https://www.guahao.com/hospital/149c1bdc-caad-4f99-97a0-d9035ee5c7e7000"
"6711fe175f4a555c8ce3cb2a","","0","0","https://kano.guahao.com/hlarge_SA4123356948.jpg?timestamp=1565889203111","简介：暂无","湖南省衡阳市衡南县泉湖镇大星村卫生室","","大星村卫生室","0","None","https://www.guahao.com/hospital/149d0e01-6f76-4e8a-ace6-b6a88d5e2709000"
"6711fe185f4a555c8ce3cb2c","","0","0","https://kano.guahao.com/hlarge_qQV123358769.jpg?timestamp=1565889425718","简介：暂无","湖南省株洲市醴陵市石亭镇樟树村卫生室","","卫生室","0","None","https://www.guahao.com/hospital/14a38e34-566b-4380-bdb4-37498fa702a7000"
"6711fe195f4a555c8ce3cb2e","","0","0","https://kano.guahao.com/hlarge_Ry7123358009.jpg?timestamp=1565889338743","简介：暂无","湖南省醴陵市明月镇天华村卫生室","","天华村卫生室","0","None","https://www.guahao.com/hospital/14bdb8e4-f2ca-4a66-b543-5c6df41909ce000"
"6711fe1a5f4a555c8ce3cb30","","0","0","https://kano.guahao.com/hlarge_QjZ123358562.jpg?timestamp=1565889402022","简介：暂无","湖南省衡阳市耒阳市南阳镇仁里村卫生室","","湖南省耒阳市南阳镇仁里村10组","0","None","https://www.guahao.com/hospital/14e68971-023d-46b3-b71e-e602fb9a3a19000"
"6711fe1b5f4a555c8ce3cb32","","0","0","https://kano.guahao.com/hlarge_z3W27810824","简介：暂无","湖南省衡阳市衡山县永和乡永和社区卫生室","","卫生室","0","None","https://www.guahao.com/hospital/1505a9fa-5d73-4eed-9801-94df36bdf1bb000"
"6711fe1d5f4a555c8ce3cb34","","0","0","https://kano.guahao.com/hlarge_vdj123357929.jpg?timestamp=1565889326119","简介：暂无","湖南株洲醴陵市浦口镇泮川村刘名全卫生室","","刘名全卫生室","0","None","https://www.guahao.com/hospital/1524a90e-5d4d-48e5-af66-e69cea5fe8f3000"
"6711fe1e5f4a555c8ce3cb36","","0","0","https://kano.guahao.com/hlarge_hNj123358717.jpg?timestamp=1565889419651","简介：暂无","平江县伍市镇茶鑫村卫生室","","平江县伍市镇茶鑫村卫生室","0","None","https://www.guahao.com/hospital/156d68b4-4bf2-4668-bbf7-a7060421a891000"
"6711fe275f4a555c8ce3cb38","","0","0","https://kano.guahao.com/hlarge_ngb123357794.jpg?timestamp=1565889305924","简介：暂无","湖南株洲醴陵市仙岳山街道河西村卫生室","","李家排36号","0","None","https://www.guahao.com/hospital/1593ba77-7085-44b8-9bdf-2dc26924cf18000"
"6711fe285f4a555c8ce3cb3a","","0","0","https://kano.guahao.com/hlarge_eOz123357681.jpg?timestamp=1565889292247","简介：暂无","湖南株洲醴陵市嘉树镇渗泉村卫生室","","温塘组","0","None","https://www.guahao.com/hospital/15e69cd5-5009-4f86-ba61-572cc90261ed000"
"6711fe295f4a555c8ce3cb3c","","0","0","https://kano.guahao.com/hlarge_nXp123355645.jpg?timestamp=1565889040839","简介：暂无","平江县加义镇清河村卫生室","","清河村","0","None","https://www.guahao.com/hospital/15eb8eb9-83d3-4c77-9435-10d625141a98000"
"6711fe2b5f4a555c8ce3cb3e","","0","0","https://kano.guahao.com/hlarge_X51123357856.jpg?timestamp=1565889313824","简介：暂无","平江县伍市镇桥墩村卫生室","","平江县伍市镇桥墩村卫生室","0","None","https://www.guahao.com/hospital/15fa7bee-3ddb-41ab-846b-557c1a65ef84000"
"6711fe2c5f4a555c8ce3cb40","","0","0","https://kano.guahao.com/hlarge_MzY123358167.jpg?timestamp=1565889356866","简介：暂无","平江县伍市镇武岗村卫生室","","平江县伍市镇武岗村卫生室","0","None","https://www.guahao.com/hospital/163f30bc-1117-441f-b288-676fa64a9a15000"
"6711fe2d5f4a555c8ce3cb42","","0","0","https://kano.guahao.com/hlarge_z3W27810824","简介：暂无","湖南省衡阳市衡阳县西渡镇三联社区卫生室","","三联社区","0","None","https://www.guahao.com/hospital/1656b7a4-ea64-4034-b4d3-037f3e79db42000"
"6711fe2e5f4a555c8ce3cb44","","0","0","https://kano.guahao.com/hlarge_HZl123355770.jpg?timestamp=1565889061750","简介：暂无","湖南省株洲市攸县黄丰桥镇广和村二卫生室","","卫生室","0","None","https://www.guahao.com/hospital/16974f58-6619-447b-89e5-0ed37403d562000"
"6711fe2f5f4a555c8ce3cb46","","0","0","https://kano.guahao.com/hlarge_gIx123355006.jpg?timestamp=1565889039189","简介：暂无","平江县加义镇泗洲二村卫生室","","平江县加义镇泗洲二村卫生室","0","None","https://www.guahao.com/hospital/16b13884-3689-4d6b-bf06-ac63f832f425000"
"6711fe305f4a555c8ce3cb48","","0","0","https://kano.guahao.com/hlarge_Yqb123359490.jpg?timestamp=1565889538240","简介：暂无","湖南省株洲市醴陵市石亭镇长岭村卫生室","","卫生室","0","None","https://www.guahao.com/hospital/16fcd3a1-9545-44be-b0fc-c73397ffd62d000"
"6711fe315f4a555c8ce3cb4a","","0","0","https://kano.guahao.com/hlarge_4Tb123358029.jpg?timestamp=1565889341699","简介：暂无","湖南省醴陵市均楚镇黄谷村欧铁球卫生室","","欧铁球卫生室","0","None","https://www.guahao.com/hospital/17bb7d55-405c-46d7-a1b4-b747485acb61000"
"6711fe3c5f4a555c8ce3cb4c","","0","0","https://kano.guahao.com/hlarge_Vc2123357213.jpg?timestamp=1565889233833","简介：暂无","湖南省株洲市渌口区淦田镇卫生院","","湖南省株洲市渌口区淦田镇甘塘坡","0","None","https://www.guahao.com/hospital/183310bb-591e-4973-b54a-81e24aea0d27000"
"6711fe3d5f4a555c8ce3cb4e","","0","0","https://kano.guahao.com/hlarge_zsM123354160.jpg?timestamp=1565888850665","简介：暂无","湖南省平江县文昌村卫生室","","文昌村卫生室","0","None","https://www.guahao.com/hospital/184d4f01-718e-4830-aecb-f1750d7918b0000"
"6711fe3e5f4a555c8ce3cb50","","0","0","https://kano.guahao.com/hlarge_Uvc123346992.jpg?timestamp=1565887895457","简介：暂无","湖南省衡阳市雁峰区天马山街道社区卫生服务中心","","雁峰区天马山南路两路口附一号","0","None","https://www.guahao.com/hospital/186fc1f0-43d1-40d0-b67f-f99d240f78ef000"
"6711fe3f5f4a555c8ce3cb52","","0","0","https://kano.guahao.com/hlarge_xQG123355876.jpg?timestamp=1565889077776","简介：暂无","湖南省株洲市攸县联星街道大屋村卫生室","","湖南省株洲市攸县联星街道大屋村委会","0","None","https://www.guahao.com/hospital/188cd268-fdf2-4d67-b271-a349dd4c3568000"
"6711fe405f4a555c8ce3cb54","","0","0","https://kano.guahao.com/hlarge_3bI123358400.jpg?timestamp=1565889381843","简介：暂无","株洲醴陵市泗汾镇双塘居委会廖作思卫生室","","廖作思卫生室","0","None","https://www.guahao.com/hospital/199e2f26-d012-4302-b2be-95d3c8c56ccd000"
"6711fe415f4a555c8ce3cb56","","0","0","https://kano.guahao.com/hlarge_hEN123357757.jpg?timestamp=1565889301467","简介：暂无","湖南省衡阳市耒阳市龙塘镇新民村卫生室","","新民村卫生室","0","None","https://www.guahao.com/hospital/19b505b1-dad7-4383-a80c-e9cbd1fba498000"
"6711fe435f4a555c8ce3cb58","","0","0","https://kano.guahao.com/hlarge_z3W27810824","简介：暂无","湖南省衡阳市衡阳县板市乡卫生院","","湖南省衡阳市衡阳县板市乡板桥村","0","None","https://www.guahao.com/hospital/19eab8b6-9174-46eb-9d2d-079a0c4a26bc000"
"6711fe445f4a555c8ce3cb5a","","0","0","https://kano.guahao.com/hlarge_5kE123356134.jpg?timestamp=1565889107243","简介：暂无","湖南省株洲市攸县联星街道侯市社区村卫生室","","湖南省株洲市攸县联星街道侯市社区居委会","0","None","https://www.guahao.com/hospital/19fc3ade-4702-456b-ad32-5f3a9e254ff7000"
"6711fe455f4a555c8ce3cb5c","","0","0","https://kano.guahao.com/hlarge_kkm123357835.jpg?timestamp=1565889310620","简介：暂无","平江县伍市镇湖胜村卫生室","","平江县伍市镇湖胜村卫生室","0","None","https://www.guahao.com/hospital/1a0c3b74-0151-42ae-90df-1c056d741a6e000"
"6711fe465f4a555c8ce3cb5e","","0","0","https://kano.guahao.com/hlarge_FT5123358646.jpg?timestamp=1565889411907","简介：暂无","湖南省醴陵市白兔潭镇峤岭村卫生室","","台上组","0","None","https://www.guahao.com/hospital/1a8b65aa-5907-469c-b8e4-a9e625fc438f000"
"6711fe4e5f4a555c8ce3cb60","","0","0","https://kano.guahao.com/hlarge_z3W27810824","简介：暂无","河南省郏县广天乡石庙村卫生室","","河南省平顶山市郏县广天乡石庙村","0","None","https://www.guahao.com/hospital/1ac088d5-e10c-4ef1-9b9f-73837f72c8dc000"
"6711fe4f5f4a555c8ce3cb62","","0","0","https://kano.guahao.com/hlarge_z3W27810824","简介：暂无","湖南省平江县虹桥镇白马村卫生室","","白马村卫生室","0","None","https://www.guahao.com/hospital/1ac86a08-5bb8-40b1-8177-9468ff394431000"
"6711fe505f4a555c8ce3cb64","","0","0","https://kano.guahao.com/hlarge_u5R123355977.jpg?timestamp=1565889089628","简介：暂无","湖南省株洲市攸县桃水镇褚家桥村卫生室","","褚家桥村卫生室","0","None","https://www.guahao.com/hospital/1b8faa42-5dfb-4798-9d1d-c40dbadc95ce000"
"6711fe515f4a555c8ce3cb66","","0","0","https://kano.guahao.com/hlarge_SYw123354135.jpg?timestamp=1565888846409","简介：暂无","湖南省平江县白马村卫生室","","白马村卫生室","0","None","https://www.guahao.com/hospital/1ba8ddd4-7622-46e1-a11c-8c57527b3d08000"
"6711fe525f4a555c8ce3cb68","","0","0","https://kano.guahao.com/hlarge_vQU123357610.jpg?timestamp=1565889285307","简介：暂无","湖南株洲醴陵市嘉树镇玉茶村钟勇卫生室","","中心组","0","None","https://www.guahao.com/hospital/1c3a479d-f109-4821-ac92-4ab5b17508b6000"
"6711fe535f4a555c8ce3cb6a","","0","0","https://kano.guahao.com/hlarge_puI123355964.jpg?timestamp=1565889087675","简介：暂无","株洲攸县鸾山镇桃源村卫生室","","卫生室","0","None","https://www.guahao.com/hospital/1c3e7d4d-7bcc-4d7f-93ab-97fca09d419e000"
"6711fe545f4a555c8ce3cb6c","","0","0","https://kano.guahao.com/hlarge_ARw123358862.jpg?timestamp=1565889435407","简介：暂无","湖南株洲醴陵市嘉树镇玉茶村张志坚卫生室","","石桥组","0","None","https://www.guahao.com/hospital/1cc7e2e6-cb25-4773-b594-d72a9a63db9f000"
"6711fe555f4a555c8ce3cb6e","","0","0","https://kano.guahao.com/hlarge_9X6123355437.jpg?timestamp=1565889012461","简介：暂无","湖南省衡阳市祁东县永昌街道洪塘町村卫生室","","洪塘町村卫生室","0","None","https://www.guahao.com/hospital/1d031983-e87f-46ea-bb82-07d0cc22d4b1000"
"6711fe565f4a555c8ce3cb70","","0","0","https://kano.guahao.com/hlarge_CS5123356505.jpg?timestamp=1565889149988","简介：暂无","株洲市攸县新市镇大同桥土楼村卫生室","","村卫生室","0","None","https://www.guahao.com/hospital/1db3a4e1-8f4b-4f98-a5a0-8ecb7ee7ab54000"
"6711fe575f4a555c8ce3cb72","","0","0","https://kano.guahao.com/hlarge_xLb123354920.jpg?timestamp=1565888956414","简介：暂无","湖南省岳阳市平江县岑川镇大义村卫生室","","大义村","0","None","https://www.guahao.com/hospital/1ddb817c-34a1-40ac-8162-c107d1fe9015000"
"6711fe635f4a555c8ce3cb74","","0","0","https://kano.guahao.com/hlarge_z3W27810824","简介：暂无","舞钢市铁山乡张楼村卫生所","","铁山乡张楼村","0","None","https://www.guahao.com/hospital/1e22bced-491a-448f-a9ab-c58bf249efb2000"
"6711fe645f4a555c8ce3cb76","","0","0","https://kano.guahao.com/hlarge_TsU123358714.jpg?timestamp=1565889419262","简介：暂无","平江县伍市镇青冲村卫生室","","平江县伍市镇青冲村卫生室","0","None","https://www.guahao.com/hospital/1f17e4c8-c5ca-4bb6-a6d9-898319b21248000"
"6711fe655f4a555c8ce3cb78","","0","0","https://kano.guahao.com/hlarge_IXR123354914.jpg?timestamp=1565888955971","简介：暂无","湖南省岳阳市平江县岑川镇包湾村卫生室","","包湾村","0","None","https://www.guahao.com/hospital/1f29fecf-73ee-466b-a5f9-578020240c70000"
"6711fe665f4a555c8ce3cb7a","","0","0","https://kano.guahao.com/hlarge_QK8123354555.jpg?timestamp=1565888904096","简介：暂无","湖南省衡阳市耒阳市水东江街道卫生服务中心","","卫生服务中心","0","None","https://www.guahao.com/hospital/1f3f154a-aebf-4b1a-9995-b0e5e6b0332e000"
"6711fe675f4a555c8ce3cb7c","","0","0","https://kano.guahao.com/hlarge_KdR123356863.jpg?timestamp=1565889192613","简介：暂无","湖南省衡阳市衡南县泉湖镇源泉村卫生室","","源泉村卫生室","0","None","https://www.guahao.com/hospital/1f47f162-9c4a-4cb7-9b2f-077d2dcc3b86000"
"6711fe685f4a555c8ce3cb7e","","0","0","https://kano.guahao.com/hlarge_VPO123357477.jpg?timestamp=1565889373731","简介：暂无","湖南株洲醴陵市浦口镇贯古社区居委会曾智专卫生室","","曾智专卫生室","0","None","https://www.guahao.com/hospital/1f595a55-9d69-4148-9263-d1b1cca2028d000"
"6711fe695f4a555c8ce3cb80","","0","0","https://kano.guahao.com/hlarge_z3W27810824","简介：暂无","湖南省衡阳市衡山县岭坡乡黄垅村卫生室","","村卫生室","0","None","https://www.guahao.com/hospital/1f619f6e-05af-4e9e-ae49-53755ebe6a3e000"
"6711fe6a5f4a555c8ce3cb82","","0","0","https://kano.guahao.com/hlarge_Xa6123358268.jpg?timestamp=1565889367949","简介：暂无","湖南省株洲市醴陵市石亭镇长塘村程耀辉卫生室","","卫生室","0","None","https://www.guahao.com/hospital/1fe42058-5bba-4477-bb25-3fb840837213000"
"6711fe6b5f4a555c8ce3cb84","","0","0","https://kano.guahao.com/hlarge_3vG123358968.jpg?timestamp=1565889448464","简介：暂无","湖南省株洲市醴陵长庆示范区双江村卫生室","","湖南省株洲市醴陵长庆示范区双江村","0","None","https://www.guahao.com/hospital/211080a5-ea58-4deb-bee3-fa28b0da1be4000"
"6711fe6d5f4a555c8ce3cb86","","0","0","https://kano.guahao.com/hlarge_1mx123358203.jpg?timestamp=1565889360785","简介：暂无","湖南省株洲市醴陵市沈潭镇卫生院","","卫生院","0","None","https://www.guahao.com/hospital/218b818a-2e94-4a4d-8ead-448a885ff5ec000"
"6711fe785f4a555c8ce3cb88","","0","0","https://kano.guahao.com/hlarge_z3W27810824","简介：暂无","湖南省衡阳市衡南县咸塘镇卫生院","","衡南县咸塘镇新街8号","0","None","https://www.guahao.com/hospital/221f1bdf-83b8-4722-8cb8-77ce76aa20be000"
"6711fe7a5f4a555c8ce3cb8a","","0","0","https://kano.guahao.com/hlarge_Amb123358996.jpg?timestamp=1565889450695","简介：暂无","湖南省醴陵市白兔潭镇黄甲村卫生室","","卫生室","0","None","https://www.guahao.com/hospital/224f031a-7e03-4db3-9839-4259350b09b0000"
"6711fe7b5f4a555c8ce3cb8c","","0","0","https://kano.guahao.com/hlarge_Txj123355730.jpg?timestamp=1565889055514","简介：暂无","株洲攸县鸾山镇三联村卫生室","","卫生室","0","None","https://www.guahao.com/hospital/2254c57e-32b6-4420-8de1-1f96926a834d000"
"6711fe7c5f4a555c8ce3cb8e","","0","0","https://kano.guahao.com/hlarge_xxx123356591.jpg?timestamp=1565889160174","简介：暂无","湖南省株洲市渌口区古岳峰镇栗树村卫生室","","湖南省株洲市渌口区古岳峰镇栗树村","0","None","https://www.guahao.com/hospital/22a56c78-9217-4bd5-9d26-b5884b8fc161000"
"6711fe7d5f4a555c8ce3cb90","","0","0","https://kano.guahao.com/hlarge_z3W27810824","简介：暂无","湖南省衡阳市衡东县第二人民医院","","衡东县第二人民医院","0","None","https://www.guahao.com/hospital/22f3ecff-dd66-4f09-8260-23fa51f98a61000"
"6711fe7e5f4a555c8ce3cb92","","0","0","https://kano.guahao.com/hlarge_AEq123355907.jpg?timestamp=1565889080461","简介：暂无","湖南省株洲市攸县皇图岭镇龙和村卫生室","","龙和村卫生室","0","None","https://www.guahao.com/hospital/22ff79dd-a732-4b0f-bc3d-9c22b5b36bbe000"
"6711fe7f5f4a555c8ce3cb94","","0","0","https://kano.guahao.com/hlarge_mc0123356396.jpg?timestamp=1565889137373","简介：暂无","湖南省株洲市渌口区朱亭镇卫生院","","湖南省株洲市渌口区朱亭镇黄洲村","0","None","https://www.guahao.com/hospital/232ef20c-4de1-4796-9d9c-b201acc67b48000"
"6711fe805f4a555c8ce3cb96","","0","0","https://kano.guahao.com/hlarge_iKO123355440.jpg?timestamp=1565889013271","简介：暂无","平江县加义镇黄花村卫生室","","平江县加义镇黄花村卫生室","0","None","https://www.guahao.com/hospital/233a7f92-fa26-4179-b6d6-79810764aba6000"
"6711fe815f4a555c8ce3cb98","","0","0","https://kano.guahao.com/hlarge_Xxi123357624.jpg?timestamp=1565889338569","简介：暂无","湖南省醴陵市均楚镇大垅洲村卫生室","","大垅洲村卫生室","0","None","https://www.guahao.com/hospital/236f8f7f-0305-4dae-b3a4-c126ec7848c9000"
"6711fe825f4a555c8ce3cb9a","","0","0","https://kano.guahao.com/hlarge_5k7123357802.jpg?timestamp=1565889307189","简介：暂无","湖南省株洲市炎陵县鹿原镇东风村卫生室","","木山组","0","None","https://www.guahao.com/hospital/23ec8d4e-ee3e-4cf5-863a-76b0528d5da9000"
"6711fe885f4a555c8ce3cb9c","","0","0","https://kano.guahao.com/hlarge_lx3123356062.jpg?timestamp=1565889099860","简介：暂无","湖南省株洲市攸县莲塘坳镇高楼村卫生室","","高楼村卫生室","0","None","https://www.guahao.com/hospital/23f1ed03-6658-4d30-9423-cdc06c1aa05b000"
"6711fe895f4a555c8ce3cb9e","","0","0","https://kano.guahao.com/hlarge_9SL123358506.jpg?timestamp=1565889395004","简介：暂无","湖南省岳阳市汨罗市三江镇花桥村左汉湘卫生室","","湖南省岳阳市汨罗市三江镇花桥村左汉湘卫生室","0","None","https://www.guahao.com/hospital/241cca67-2554-400e-8ba5-8c47d1469519000"
"6711fe8a5f4a555c8ce3cba0","","0","0","https://kano.guahao.com/hlarge_z3W27810824","简介：暂无","湖南省平江县虹桥镇金鸡村卫生室","","金鸡村卫生室","0","None","https://www.guahao.com/hospital/246654d0-a0cb-4c7f-9f47-f1991a4ac995000"
"6711fe8b5f4a555c8ce3cba2","","0","0","https://kano.guahao.com/hlarge_cSz123357530.jpg?timestamp=1565889274381","简介：暂无","湖南株洲醴陵市浦口镇茅坪村卫生室","","卫生室","0","None","https://www.guahao.com/hospital/24aeb9e9-5b47-4a3d-b9e3-752031aaca4e000"
"6711fe8c5f4a555c8ce3cba4","","0","0","https://kano.guahao.com/hlarge_z3W27810824","简介：暂无","湖南省衡阳市衡山县新桥镇高新村卫生室","","村卫生室","0","None","https://www.guahao.com/hospital/260ef316-9a91-43ae-8e38-bc33d042784b000"
"6711fe8e5f4a555c8ce3cba6","","0","0","https://kano.guahao.com/hlarge_a9c123359527.jpg?timestamp=1565889542516","简介：暂无","湖南省岳阳市汨罗市弼时镇大里塘村徐伟辉卫生室","","湖南省岳阳市汨罗市弼时镇大里塘村","0","None","https://www.guahao.com/hospital/267d44e5-dd5f-4cf9-9583-e0e6cc9d7839000"
"6711fe8f5f4a555c8ce3cba8","","0","0","https://kano.guahao.com/hlarge_z3W27810824","简介：暂无","祁东县归阳区医院","0734-6312427","湖南省衡阳市祁东县归阳区","0","None","https://www.guahao.com/hospital/27126924-d4f2-467e-9fbc-a390d2fb9dc6000"
"6711fe905f4a555c8ce3cbaa","","0","0","https://kano.guahao.com/hlarge_5qv123359407.jpg?timestamp=1565889523936","简介：暂无","湖南省株洲市醴陵市沈潭镇三星里村卫生室","","卫生室","0","None","https://www.guahao.com/hospital/27fbc3dd-fed2-4701-8f3f-d1b7a2168bac000"
"6711fe915f4a555c8ce3cbac","","0","0","https://kano.guahao.com/hlarge_9EI123358337.jpg?timestamp=1565889374291","简介：暂无","湖南省醴陵市均楚镇青山村卫生室","","青山村卫生室","0","None","https://www.guahao.com/hospital/2844a2ea-4cdc-4f16-872c-bfd1666bb5aa000"
"6711fe925f4a555c8ce3cbae","","0","0","https://kano.guahao.com/hlarge_2tD123349623.jpg?timestamp=1565888298086","简介：暂无","湖南省衡阳耒阳市三都镇卫生院","","镇卫生院","0","None","https://www.guahao.com/hospital/28597a33-a67b-4cc1-aa80-3e9da6c41182000"
"6711fe9b5f4a555c8ce3cbb0","","0","0","https://kano.guahao.com/hlarge_gOl123356050.jpg?timestamp=1565889097978","简介：暂无","湖南省衡阳市衡南县泉湖镇七塘村卫生室","","七塘村卫生室","0","None","https://www.guahao.com/hospital/28632068-48f8-42b6-aba8-0e120ad7bf16000"
"6711fe9d5f4a555c8ce3cbb2","","0","0","https://kano.guahao.com/hlarge_xtM123348046.jpg?timestamp=1565888046892","简介：暂无","湖南省衡山县白果镇长青社区卫生室","","村卫生室","0","None","https://www.guahao.com/hospital/28d08e39-74b0-4cf5-b42e-e0e49ce81d84000"
"6711fe9e5f4a555c8ce3cbb4","","0","0","https://kano.guahao.com/hlarge_z3W27810824","简介：暂无","湖南省衡阳市衡东县吴集镇早禾村卫生室","","卫生室","0","None","https://www.guahao.com/hospital/28d9afc8-3c98-4b58-9a9a-deacd6a2801a000"
"6711fe9e5f4a555c8ce3cbb6","","0","0","https://kano.guahao.com/hlarge_RZ8123357716.jpg?timestamp=1565889296357","简介：暂无","湖南省衡阳市耒阳市仁义镇纸槽村卫生室","","卫生室","0","None","https://www.guahao.com/hospital/28dc06c1-46aa-4689-ac31-f0c557dc4c23000"
"6711fea05f4a555c8ce3cbb8","","0","0","https://kano.guahao.com/hlarge_GDd123357158.jpg?timestamp=1565889226359","简介：暂无","湖南省株洲市渌口区古岳峰镇金台村卫生室","","湖南省株洲市渌口区古岳峰镇金台村金台组","0","None","https://www.guahao.com/hospital/2912173e-9f00-4ecd-bc6a-fbfd75de252d000"
"6711fea15f4a555c8ce3cbba","","0","0","https://kano.guahao.com/hlarge_Vdz123357250.jpg?timestamp=1565889237446","简介：暂无","湖南株洲醴陵市浦口镇王坊社区居委会卫生室","","卫生室","0","None","https://www.guahao.com/hospital/291d66a1-e312-4fe1-a243-9b0d403b1c13000"
"6711fea25f4a555c8ce3cbbc","","0","0","https://kano.guahao.com/hlarge_Mh1123357916.jpg?timestamp=1565889323336","简介：暂无","湖南株洲醴陵市浦口镇联盟社区居委会江孝明卫生室","","江孝明卫生室","0","None","https://www.guahao.com/hospital/29da8690-a054-4627-85e5-a76b4b2294cf000"
"6711fea35f4a555c8ce3cbbe","","0","0","https://kano.guahao.com/hlarge_tYg123358724.jpg?timestamp=1565889420418","简介：暂无","平江县伍市镇马头村卫生室","","平江县伍市镇马头村卫生室","0","None","https://www.guahao.com/hospital/29de8270-9bd1-480e-9433-067a7fd3b7cf000"
"6711fea45f4a555c8ce3cbc0","","0","0","https://kano.guahao.com/hlarge_HtF123359175.jpg?timestamp=1565889478971","简介：暂无","湖南省株洲市醴陵市沩山镇卫生院","","卫生院","0","None","https://www.guahao.com/hospital/2a519221-b855-4443-8196-5e07b282fcb3000"
"6711fea55f4a555c8ce3cbc2","","0","0","https://kano.guahao.com/hlarge_1mz123358850.jpg?timestamp=1565889433863","简介：暂无","湖南省岳阳市汨罗市弼时镇白沙村任佳树卫生室","","湖南省岳阳市汨罗市弼时镇白沙村","0","None","https://www.guahao.com/hospital/2ad2467e-acab-4b67-8fc8-da0fcf060ac5000"
"6711feb25f4a555c8ce3cbc4","","0","0","https://kano.guahao.com/hlarge_6iw123357816.jpg?timestamp=1565889308619","简介：暂无","平江县伍市镇石龙村卫生室","","平江县伍市镇石龙村卫生室","0","None","https://www.guahao.com/hospital/2b2fe019-418d-4f96-a7dc-fd54cc50548c000"
"6711feb35f4a555c8ce3cbc6","","0","0","https://kano.guahao.com/hlarge_j9Y123355390.jpg?timestamp=1565889086449","简介：暂无","湖南省衡阳市祁东县永昌街道温泉村卫生室","","温泉村卫生室","0","None","https://www.guahao.com/hospital/2b8b6c4d-44de-4f20-9f73-b43b6f5f02ac000"
"6711feb45f4a555c8ce3cbc8","","0","0","https://kano.guahao.com/hlarge_QZO123358667.jpg?timestamp=1565889414228","简介：暂无","湖南省株洲市醴陵市沈潭镇沈潭社区居委会刘新武卫生室","","卫生室","0","None","https://www.guahao.com/hospital/2ba6bfd8-7ca6-463a-a5fe-267123d07bd1000"
"6711feb55f4a555c8ce3cbca","","0","0","https://kano.guahao.com/hlarge_z3W27810824","简介：暂无","湖南省岳阳市岳阳楼区站前路社区卫生服务中心","","站前路社区卫生服务中心","0","None","https://www.guahao.com/hospital/2bfbf245-e525-4925-bac9-3db7085a7d48000"
"6711feb65f4a555c8ce3cbcc","","0","0","https://kano.guahao.com/hlarge_z3W27810824","简介：暂无","湖南省衡阳市耒阳市夏塘镇中心卫生院长冲卫生分院","","长冲卫生院","0","None","https://www.guahao.com/hospital/2c0448e0-6781-4b3c-b866-71cbe64b9741000"
"6711feb75f4a555c8ce3cbce","","0","0","https://kano.guahao.com/hlarge_z3W27810824","简介：暂无","湖南省衡阳市衡东县荣桓镇船湾村卫生室","","卫生室","0","None","https://www.guahao.com/hospital/2cd63187-0dde-417a-b59e-d5fd032d0cef000"
"6711feb85f4a555c8ce3cbd0","","0","0","https://kano.guahao.com/hlarge_rGW123358292.jpg?timestamp=1565889370610","简介：暂无","湖南株洲醴陵市嘉树镇玉茶村何建群卫生室","","何建群住宅","0","None","https://www.guahao.com/hospital/2d224f04-00ce-4f03-94a3-300860a4dad2000"
"6711feb95f4a555c8ce3cbd2","","0","0","https://kano.guahao.com/hlarge_4xk123358736.jpg?timestamp=1565889421779","简介：暂无","湖南省醴陵市白兔潭镇汆溪村卫生室","","卫生室","0","None","https://www.guahao.com/hospital/2d55bf17-2155-47b1-821e-6a50e12fa91a000"
"6711feba5f4a555c8ce3cbd4","","0","0","https://kano.guahao.com/hlarge_d4q123356302.jpg?timestamp=1565889126667","简介：暂无","湖南省株洲市渌口区古岳峰镇坝塘村卫生室","","湖南省株洲市渌口区古岳峰镇坝塘村","0","None","https://www.guahao.com/hospital/2d82c436-2947-400f-a608-d9555c562020000"
"6711febb5f4a555c8ce3cbd6","","0","0","https://kano.guahao.com/hlarge_yoz123357831.jpg?timestamp=1565889309384","简介：暂无","湖南株洲醴陵市仙岳山街道江源村兰蒲英卫生室","","高背冲组兰蒲英住宅","0","None","https://www.guahao.com/hospital/2d85ea7e-6303-45dc-9491-cd27fd4139bd000"
"6711feca5f4a555c8ce3cbd8","","0","0","https://kano.guahao.com/hlarge_fAl123359092.jpg?timestamp=1565889463833","简介：暂无","株洲醴陵市泗汾镇枧上居委会汤上游卫生室","","农场居委会","0","None","https://www.guahao.com/hospital/2da88c4f-27f2-4b65-98eb-ae1b3f6e2edc000"
"6711fecb5f4a555c8ce3cbda","","0","0","https://kano.guahao.com/hlarge_NuQ123359315.jpg?timestamp=1565889505805","简介：暂无","湖南省岳阳市汨罗市三江镇花桥村卫生室","","湖南省岳阳市汨罗市三江镇花桥村卫生室","0","None","https://www.guahao.com/hospital/2eafcce9-7131-4784-9f3c-e475f7b8699a000"
"6711fecc5f4a555c8ce3cbdc","","0","0","https://kano.guahao.com/hlarge_tnl123354992.jpg?timestamp=1565888965136","简介：暂无","平江县加义镇东南社区卫生室","","平江县加义镇东南社区卫生室","0","None","https://www.guahao.com/hospital/2f89d632-609d-42de-9fed-078c0a0ec748000"
"6711fecd5f4a555c8ce3cbde","","0","0","https://kano.guahao.com/hlarge_jXi123358136.jpg?timestamp=1565889353899","简介：暂无","平江县伍市镇青林村卫生室","","平江县伍市镇青林村卫生室","0","None","https://www.guahao.com/hospital/30592d6e-dbc8-4508-8b5e-9388449ebb07000"
"6711fecf5f4a555c8ce3cbe0","","0","0","https://kano.guahao.com/hlarge_cyh123357690.jpg?timestamp=1565889293357","简介：暂无","湖南省醴陵市王仙镇申熙村卫生室","","石岭组","0","None","https://www.guahao.com/hospital/306b1e29-810b-4068-aee4-f23644595ac0000"
"6711fed15f4a555c8ce3cbe2","","0","0","https://kano.guahao.com/hlarge_1EP123355643.jpg?timestamp=1565889040701","简介：暂无","平江县加义镇献冲居委会卫生室","","献钟居委会","0","None","https://www.guahao.com/hospital/30a0b99a-fab3-4055-b6cb-d182f54b524e000"
"6711fed25f4a555c8ce3cbe4","","0","0","https://kano.guahao.com/hlarge_HRl123355431.jpg?timestamp=1565889012384","简介：暂无","平江县加义镇加义社区卫生室","","平江县加义镇加义社区卫生室","0","None","https://www.guahao.com/hospital/317a53a2-1104-476c-86f1-8f5ca802d27f000"
"6711fed35f4a555c8ce3cbe6","","0","0","https://kano.guahao.com/hlarge_z3W27810824","简介：暂无","湖南省平江县虹桥镇洞口村卫生室","","洞口村卫生室","0","None","https://www.guahao.com/hospital/321721cf-9d49-4a64-95c1-45ac2b90dd69000"
"6711fed45f4a555c8ce3cbe8","","0","0","https://kano.guahao.com/hlarge_Rsg123357962.jpg?timestamp=1565889333167","简介：暂无","湖南省衡阳市耒阳市仁义镇卫生院","","卫生院","0","None","https://www.guahao.com/hospital/32e9ef8f-eb15-4fda-866f-14c25062f161000"
"6711fed55f4a555c8ce3cbea","","0","0","https://kano.guahao.com/hlarge_z3W27810824","简介：暂无","湖南省衡阳市耒阳市永济镇谷丰村卫生室","","谷丰村卫生室","0","None","https://www.guahao.com/hospital/32fd61b1-035c-40d2-ad92-ebc63d7d7bda000"
"6711fee55f4a555c8ce3cbec","","0","0","https://kano.guahao.com/hlarge_pZi123348673.jpg?timestamp=1565888140067","简介：暂无","湖南省衡阳市南岳区祝融街道社区卫生服务中心","","湖南省衡阳市南岳区南岳镇万福居委会衡山路295号","0","None","https://www.guahao.com/hospital/336b4adb-9007-4513-9371-814aa379ac1b000"
"6711fee65f4a555c8ce3cbee","","0","0","https://kano.guahao.com/hlarge_jSJ123355700.jpg?timestamp=1565889050835","简介：暂无","株洲市攸县丫江桥镇新杉岭村卫生室","","村卫生室","0","None","https://www.guahao.com/hospital/33fc2a1a-ab17-45b9-88e8-e98e4e62ff41000"
"6711fee75f4a555c8ce3cbf0","","0","0","https://kano.guahao.com/hlarge_0RD123359053.jpg?timestamp=1565889458811","简介：暂无","湖南株洲醴陵市仙岳山街道社区卫生服务中心","","左权路68号","0","None","https://www.guahao.com/hospital/3487a5e4-bbd9-4a82-b713-42818fd87fec000"
"6711fee85f4a555c8ce3cbf2","","0","0","https://kano.guahao.com/hlarge_r1t123356609.jpg?timestamp=1565889163323","简介：暂无","湖南省衡阳市衡南县泉湖镇青叶村卫生室","","青叶村卫生室","0","None","https://www.guahao.com/hospital/34b488b4-f9c2-4ccb-8715-9d69fde30c71000"
"6711fee95f4a555c8ce3cbf4","","0","0","https://kano.guahao.com/hlarge_GIC123358314.jpg?timestamp=1565889372895","简介：暂无","湖南省衡阳市耒阳市南京镇杉木村卫生室","","卫生室","0","None","https://www.guahao.com/hospital/34c936fd-9f26-4efd-9ad4-3dcd58ea9a8b000"
"6711feea5f4a555c8ce3cbf6","","0","0","https://kano.guahao.com/hlarge_fb9123359306.jpg?timestamp=1565889503380","简介：暂无","湖南省醴陵市明月镇贺家桥居委会村卫生室","","贺家桥居委会村卫生室","0","None","https://www.guahao.com/hospital/34d7c91d-0686-4546-b88f-9459bb467b6b000"
"6711feeb5f4a555c8ce3cbf8","","0","0","https://kano.guahao.com/hlarge_0si123357771.jpg?timestamp=1565889302894","简介：暂无","湖南省衡阳市耒阳市龙塘镇通水村卫生室","","通水村卫生室","0","None","https://www.guahao.com/hospital/35197882-9e8f-4d7d-9778-a908a3e04f9a000"
"6711feec5f4a555c8ce3cbfa","","0","0","https://kano.guahao.com/hlarge_6gP123355523.jpg?timestamp=1565889024426","简介：暂无","湖南省株洲市攸县皇图岭镇共和村卫生室","","共和村卫生室","0","None","https://www.guahao.com/hospital/352cdfe7-60f4-47fb-9113-9b5c78ae52b0000"
"6711feee5f4a555c8ce3cbfc","","0","0","https://kano.guahao.com/hlarge_V8q123358601.jpg?timestamp=1565889405526","简介：暂无","湖南省株洲市醴陵市官庄镇官庄村卫生室","","卫生室","0","None","https://www.guahao.com/hospital/3537a1d8-1520-4c84-8717-25286ffe035c000"
"6711feef5f4a555c8ce3cbfe","","0","0","https://kano.guahao.com/hlarge_D66123357909.jpg?timestamp=1565889325070","简介：暂无","湖南株洲醴陵市嘉树镇玉茶村肖海军卫生室","","玉茶组","0","None","https://www.guahao.com/hospital/35bac835-7bbb-4b15-91a7-6ede2abaaa60000"
"6711fef95f4a555c8ce3cc00","","0","0","https://kano.guahao.com/hlarge_3Fe123358943.jpg?timestamp=1565889445152","简介：暂无","湖南省醴陵市均楚镇黄谷村卫生室","","黄谷村卫生室","0","None","https://www.guahao.com/hospital/35d3ff58-0df6-4d5b-a118-471228488ff9000"
"6711fefa5f4a555c8ce3cc02","","0","0","https://kano.guahao.com/hlarge_ov9123357893.jpg?timestamp=1565889319773","简介：暂无","湖南株洲醴陵市嘉树镇豆田村丁传顺卫生室","","戊子塘组","0","None","https://www.guahao.com/hospital/35f413f5-0085-44f4-812d-4785973fe3fb000"
"6711fefb5f4a555c8ce3cc04","","0","0","https://kano.guahao.com/hlarge_dzH123356078.jpg?timestamp=1565889101526","简介：暂无","湖南省株洲市攸县皇图岭镇丹塘村卫生室","","丹塘村卫生室","0","None","https://www.guahao.com/hospital/3657158a-affa-4900-af47-cb310c46d6ec000"
"6711fefd5f4a555c8ce3cc06","","0","0","https://kano.guahao.com/hlarge_z3W27810824","简介：暂无","湖南省平江县虹桥镇仁义村卫生室","","仁义村卫生室","0","None","https://www.guahao.com/hospital/3679231d-2623-4512-9a9b-ba65def600db000"
"6711fefd5f4a555c8ce3cc08","","0","0","https://kano.guahao.com/hlarge_z3W27810824","简介：暂无","湖南省株洲市攸县联星街道胜利社区卫生室","","卫生室","0","None","https://www.guahao.com/hospital/36e8d05c-2d69-4f37-9203-2638275f3e23000"
"6711feff5f4a555c8ce3cc0a","","0","0","https://kano.guahao.com/hlarge_d6q123349590.jpg?timestamp=1565888293494","简介：暂无","湖南省衡阳耒阳市马水镇中心卫生院","","5组","0","None","https://www.guahao.com/hospital/3745d0c6-d5b3-447a-afcd-5518fc227d8e000"
"6711feff5f4a555c8ce3cc0c","","0","0","https://kano.guahao.com/hlarge_Dtg123355121.jpg?timestamp=1565888979791","简介：暂无","平江县向家镇黄金村卫生室","","平江县向家镇黄金村卫生室","0","None","https://www.guahao.com/hospital/3746674d-0b1c-4119-bbee-6e0df7e8397e000"
"6711ff015f4a555c8ce3cc0e","","0","0","https://kano.guahao.com/hlarge_STO123359272.jpg?timestamp=1565889494921","简介：暂无","湖南省醴陵市枫林镇中心卫生院","","枫林镇中心卫生院","0","None","https://www.guahao.com/hospital/37e036a4-d15c-4e28-847b-71373baa868d000"
"6711ff025f4a555c8ce3cc10","","0","0","https://kano.guahao.com/hlarge_p0b123355365.jpg?timestamp=1565889007045","简介：暂无","湖南省衡阳市祁东县永昌街道曙光村卫生所","","卫生室","0","None","https://www.guahao.com/hospital/37f88774-fa29-4fcb-a732-13b55f8c8f71000"
"6711ff035f4a555c8ce3cc12","","0","0","https://kano.guahao.com/hlarge_Gzw123358494.jpg?timestamp=1565889393935","简介：暂无","湖南省株洲市醴陵市沩山镇老鸦山村卫生室","","卫生室","0","None","https://www.guahao.com/hospital/38157136-4230-4012-88bd-0d7176eee2f7000"
"6711ff0e5f4a555c8ce3cc14","","0","0","https://kano.guahao.com/hlarge_unf123356163.jpg?timestamp=1565889109569","简介：暂无","株洲市攸县丫江桥镇万兴村卫生室","","村卫生室","0","None","https://www.guahao.com/hospital/38b2772b-1b96-49e6-9245-bcabf02601bd000"
"6711ff0f5f4a555c8ce3cc16","","0","0","https://kano.guahao.com/hlarge_EYj123354628.jpg?timestamp=1565888914863","简介：暂无","湖南省平江县毛源村卫生室","","毛源村卫生室","0","None","https://www.guahao.com/hospital/391d1c7f-f040-45b8-a8f0-ef5feab3cdb3000"
"6711ff105f4a555c8ce3cc18","","0","0","https://kano.guahao.com/hlarge_8dj123358133.jpg?timestamp=1565889353626","简介：暂无","平江县伍市镇白杨村卫生室","","平江县伍市镇白杨村卫生室","0","None","https://www.guahao.com/hospital/3a047b6a-ecc2-4847-9a8a-709e8bafae13000"
"6711ff115f4a555c8ce3cc1a","","0","0","https://kano.guahao.com/hlarge_P4S123355032.jpg?timestamp=1565888970255","简介：暂无","平江县向家镇金石村卫生室","","湖南省岳阳市平江县向家镇金龙村","0","None","https://www.guahao.com/hospital/3acbe441-b8ac-4687-835c-dfdf3ad204ed000"
"6711ff125f4a555c8ce3cc1c","","0","0","https://kano.guahao.com/hlarge_NFF123357941.jpg?timestamp=1565889328113","简介：暂无","湖南省醴陵市李畋镇南桥社区瞿勇刚卫生室","","瞿勇刚卫生室","0","None","https://www.guahao.com/hospital/3b4f1df2-347c-41a8-895b-534c856380b0000"
"6711ff145f4a555c8ce3cc1e","","0","0","https://kano.guahao.com/hlarge_Lsc123355641.jpg?timestamp=1565889157519","简介：暂无","平江县加义镇大岩村卫生室","","大岩村","0","None","https://www.guahao.com/hospital/3b935110-5f1a-4fd4-8781-efd0d486c942000"
"6711ff155f4a555c8ce3cc20","","0","0","https://kano.guahao.com/hlarge_8Ht123357948.jpg?timestamp=1565889329678","简介：暂无","湖南省醴陵市李畋镇南桥社区易长征卫生室","","易长征卫生室","0","None","https://www.guahao.com/hospital/3c1523fd-635c-41fe-8ae3-a2b4143a2701000"
"6711ff165f4a555c8ce3cc22","","0","0","https://kano.guahao.com/hlarge_iUb123359350.jpg?timestamp=1565889514436","简介：暂无","湖南省岳阳市汨罗市白塘镇卫生院","","湖南省汨罗市白塘镇白塘村二组","0","None","https://www.guahao.com/hospital/3c4835ed-ea83-48b3-937d-56dd4423bc3d000"
"6711ff175f4a555c8ce3cc24","","0","0","https://kano.guahao.com/hlarge_z3W27810824","简介：暂无","湖南省衡阳市蒸湘区呆鹰岭镇高岭村卫生室","","高岭村各冲组","0","None","https://www.guahao.com/hospital/3cb55ba0-7923-4a0a-8811-b20692590064000"
"6711ff185f4a555c8ce3cc26","","0","0","https://kano.guahao.com/hlarge_z3W27810824","简介：暂无","湖南省平江县虹桥镇东安村卫生室","","东安村卫生室","0","None","https://www.guahao.com/hospital/3cda4596-bc4c-495d-a06d-fc8704e89ead000"
